Company,LSTM Type,n_epoch,n_batch,n_lag,n_seq,Training Time,Indicator Number,Indicators,Trained Date,Start Train Date,End Train/Start Test Date,End Test Date,Model Name,Trend_t+1,APRE_t+1,RMSE_t+1,Trend_t+2,APRE_t+2,RMSE_t+2,Trend_t+3,APRE_t+3,RMSE_t+3,Trend_t+4,APRE_t+4,RMSE_t+4,Trend_t+5,APRE_t+5,RMSE_t+5,Trend_t+6,APRE_t+6,RMSE_t+6,Trend_t+7,APRE_t+7,RMSE_t+7,Trend_t+8,APRE_t+8,RMSE_t+8,Trend_t+9,APRE_t+9,RMSE_t+9,Trend_t+10,APRE_t+10,RMSE_t+10,Trend_t+11,APRE_t+11,RMSE_t+11,Trend_t+12,APRE_t+12,RMSE_t+12,Trend_t+13,APRE_t+13,RMSE_t+13,Trend_t+14,APRE_t+14,RMSE_t+14,Trend_t+15,APRE_t+15,RMSE_t+15,Trend_t+16,APRE_t+16,RMSE_t+16,Trend_t+17,APRE_t+17,RMSE_t+17,Trend_t+18,APRE_t+18,RMSE_t+18,Trend_t+19,APRE_t+19,RMSE_t+19,Trend_t+20,APRE_t+20,RMSE_t+20,Trend_t+21,APRE_t+21,RMSE_t+21,Trend_t+22,APRE_t+22,RMSE_t+22,Trend_t+23,APRE_t+23,RMSE_t+23,Trend_t+24,APRE_t+24,RMSE_t+24,Trend_t+25,APRE_t+25,RMSE_t+25,Trend_t+26,APRE_t+26,RMSE_t+26,Trend_t+27,APRE_t+27,RMSE_t+27,Trend_t+28,APRE_t+28,RMSE_t+28,Trend_t+29,APRE_t+29,RMSE_t+29,Trend_t+30,APRE_t+30,RMSE_t+30
AMZN,vanilla,3238,4528,1,1,0.3413028558095296,1,price,2019-03-22,01/01/2000,01/01/2018,01/01/2019,AMZN_vanilla_nlag1_nseq1_e3238_b4528_n1_ind1_train01-01-2000_trainendteststart01-01-2018_testend01-01-2019,0.5577689243027888,0.016069980928227177,36.64195803869249,,,,,,,,,,,,,,,,,,,,,,,,,,,,,,,,,,,,,,,,,,,,,,,,,,,,,,,,,,,,,,,,,,,,,,,,,,,,,,,,,,,,,,,
AMZN,vanilla,3238,4528,1,1,0.3393097480138143,1,ad,2019-03-22,01/01/2000,01/01/2018,01/01/2019,AMZN_vanilla_nlag1_nseq1_e3238_b4528_n1_ind1_train01-01-2000_trainendteststart01-01-2018_testend01-01-2019,0.5856573705179283,0.01597989492048577,36.63852366206015,,,,,,,,,,,,,,,,,,,,,,,,,,,,,,,,,,,,,,,,,,,,,,,,,,,,,,,,,,,,,,,,,,,,,,,,,,,,,,,,,,,,,,,
AMZN,vanilla,3238,4528,1,1,0.3542868455251058,1,adosc,2019-03-22,01/01/2000,01/01/2018,01/01/2019,AMZN_vanilla_nlag1_nseq1_e3238_b4528_n1_ind1_train01-01-2000_trainendteststart01-01-2018_testend01-01-2019,0.5816733067729084,0.01606182687448261,36.65953335964143,,,,,,,,,,,,,,,,,,,,,,,,,,,,,,,,,,,,,,,,,,,,,,,,,,,,,,,,,,,,,,,,,,,,,,,,,,,,,,,,,,,,,,,
AMZN,vanilla,3238,4528,1,1,0.3465607841809591,1,adx,2019-03-22,01/01/2000,01/01/2018,01/01/2019,AMZN_vanilla_nlag1_nseq1_e3238_b4528_n1_ind1_train01-01-2000_trainendteststart01-01-2018_testend01-01-2019,0.5298804780876494,0.0165141312876087,37.1243756264413,,,,,,,,,,,,,,,,,,,,,,,,,,,,,,,,,,,,,,,,,,,,,,,,,,,,,,,,,,,,,,,,,,,,,,,,,,,,,,,,,,,,,,,
AMZN,vanilla,3238,4528,1,1,0.3695402065912882,1,adxr,2019-03-22,01/01/2000,01/01/2018,01/01/2019,AMZN_vanilla_nlag1_nseq1_e3238_b4528_n1_ind1_train01-01-2000_trainendteststart01-01-2018_testend01-01-2019,0.5896414342629482,0.016080911301830442,36.643170767579775,,,,,,,,,,,,,,,,,,,,,,,,,,,,,,,,,,,,,,,,,,,,,,,,,,,,,,,,,,,,,,,,,,,,,,,,,,,,,,,,,,,,,,,
AMZN,vanilla,3238,4528,1,1,0.3774281144142151,1,apo,2019-03-22,01/01/2000,01/01/2018,01/01/2019,AMZN_vanilla_nlag1_nseq1_e3238_b4528_n1_ind1_train01-01-2000_trainendteststart01-01-2018_testend01-01-2019,0.4940239043824701,0.01615317942697851,36.82266568605466,,,,,,,,,,,,,,,,,,,,,,,,,,,,,,,,,,,,,,,,,,,,,,,,,,,,,,,,,,,,,,,,,,,,,,,,,,,,,,,,,,,,,,,
AMZN,vanilla,3238,4528,1,1,0.3848537882169088,1,aroon,2019-03-22,01/01/2000,01/01/2018,01/01/2019,AMZN_vanilla_nlag1_nseq1_e3238_b4528_n1_ind1_train01-01-2000_trainendteststart01-01-2018_testend01-01-2019,0.5776892430278885,0.016051302693992804,36.669701330369655,,,,,,,,,,,,,,,,,,,,,,,,,,,,,,,,,,,,,,,,,,,,,,,,,,,,,,,,,,,,,,,,,,,,,,,,,,,,,,,,,,,,,,,
AMZN,vanilla,3238,4528,1,1,0.37138577302296955,1,aroonosc,2019-03-22,01/01/2000,01/01/2018,01/01/2019,AMZN_vanilla_nlag1_nseq1_e3238_b4528_n1_ind1_train01-01-2000_trainendteststart01-01-2018_testend01-01-2019,0.5657370517928287,0.01605500865437396,36.63240006614632,,,,,,,,,,,,,,,,,,,,,,,,,,,,,,,,,,,,,,,,,,,,,,,,,,,,,,,,,,,,,,,,,,,,,,,,,,,,,,,,,,,,,,,
AMZN,vanilla,3238,4528,1,1,0.4027914086977641,1,bbands,2019-03-22,01/01/2000,01/01/2018,01/01/2019,AMZN_vanilla_nlag1_nseq1_e3238_b4528_n1_ind1_train01-01-2000_trainendteststart01-01-2018_testend01-01-2019,0.5776892430278885,0.016060170388550548,36.584086285247736,,,,,,,,,,,,,,,,,,,,,,,,,,,,,,,,,,,,,,,,,,,,,,,,,,,,,,,,,,,,,,,,,,,,,,,,,,,,,,,,,,,,,,,
AMZN,vanilla,3238,4528,1,1,0.39579378763834633,1,bop,2019-03-22,01/01/2000,01/01/2018,01/01/2019,AMZN_vanilla_nlag1_nseq1_e3238_b4528_n1_ind1_train01-01-2000_trainendteststart01-01-2018_testend01-01-2019,0.5617529880478087,0.016049272580611104,36.63407375747307,,,,,,,,,,,,,,,,,,,,,,,,,,,,,,,,,,,,,,,,,,,,,,,,,,,,,,,,,,,,,,,,,,,,,,,,,,,,,,,,,,,,,,,
AMZN,vanilla,3238,4528,1,1,0.41810189485549926,1,cci,2019-03-22,01/01/2000,01/01/2018,01/01/2019,AMZN_vanilla_nlag1_nseq1_e3238_b4528_n1_ind1_train01-01-2000_trainendteststart01-01-2018_testend01-01-2019,0.5737051792828686,0.016066416479793674,36.640865344222775,,,,,,,,,,,,,,,,,,,,,,,,,,,,,,,,,,,,,,,,,,,,,,,,,,,,,,,,,,,,,,,,,,,,,,,,,,,,,,,,,,,,,,,
AMZN,vanilla,3238,4528,1,1,0.4154033541679382,1,cmo,2019-03-22,01/01/2000,01/01/2018,01/01/2019,AMZN_vanilla_nlag1_nseq1_e3238_b4528_n1_ind1_train01-01-2000_trainendteststart01-01-2018_testend01-01-2019,0.5697211155378487,0.016043905581692153,36.59833281291163,,,,,,,,,,,,,,,,,,,,,,,,,,,,,,,,,,,,,,,,,,,,,,,,,,,,,,,,,,,,,,,,,,,,,,,,,,,,,,,,,,,,,,,
AMZN,vanilla,3238,4528,1,1,0.43301519950230916,1,dema,2019-03-22,01/01/2000,01/01/2018,01/01/2019,AMZN_vanilla_nlag1_nseq1_e3238_b4528_n1_ind1_train01-01-2000_trainendteststart01-01-2018_testend01-01-2019,0.5737051792828686,0.016099943597217437,36.66945455940003,,,,,,,,,,,,,,,,,,,,,,,,,,,,,,,,,,,,,,,,,,,,,,,,,,,,,,,,,,,,,,,,,,,,,,,,,,,,,,,,,,,,,,,
AMZN,vanilla,3238,4528,1,1,0.440528937180837,1,dx,2019-03-22,01/01/2000,01/01/2018,01/01/2019,AMZN_vanilla_nlag1_nseq1_e3238_b4528_n1_ind1_train01-01-2000_trainendteststart01-01-2018_testend01-01-2019,0.5657370517928287,0.01609223400541828,36.65004257148856,,,,,,,,,,,,,,,,,,,,,,,,,,,,,,,,,,,,,,,,,,,,,,,,,,,,,,,,,,,,,,,,,,,,,,,,,,,,,,,,,,,,,,,
AMZN,vanilla,3238,4528,1,1,0.4499387462933858,1,ema,2019-03-22,01/01/2000,01/01/2018,01/01/2019,AMZN_vanilla_nlag1_nseq1_e3238_b4528_n1_ind1_train01-01-2000_trainendteststart01-01-2018_testend01-01-2019,0.5657370517928287,0.016049132492719217,36.58082845967856,,,,,,,,,,,,,,,,,,,,,,,,,,,,,,,,,,,,,,,,,,,,,,,,,,,,,,,,,,,,,,,,,,,,,,,,,,,,,,,,,,,,,,,
AMZN,vanilla,3238,4528,1,1,0.43801060517628987,1,ht_dcperiod,2019-03-22,01/01/2000,01/01/2018,01/01/2019,AMZN_vanilla_nlag1_nseq1_e3238_b4528_n1_ind1_train01-01-2000_trainendteststart01-01-2018_testend01-01-2019,0.5776892430278885,0.016001907831853162,36.60834832031152,,,,,,,,,,,,,,,,,,,,,,,,,,,,,,,,,,,,,,,,,,,,,,,,,,,,,,,,,,,,,,,,,,,,,,,,,,,,,,,,,,,,,,,
AMZN,vanilla,3238,4528,1,1,0.4610809365908305,1,ht_dcphase,2019-03-22,01/01/2000,01/01/2018,01/01/2019,AMZN_vanilla_nlag1_nseq1_e3238_b4528_n1_ind1_train01-01-2000_trainendteststart01-01-2018_testend01-01-2019,0.4302788844621514,0.016235617705755875,36.68169479565741,,,,,,,,,,,,,,,,,,,,,,,,,,,,,,,,,,,,,,,,,,,,,,,,,,,,,,,,,,,,,,,,,,,,,,,,,,,,,,,,,,,,,,,
AMZN,vanilla,3238,4528,1,1,0.46992745796839397,1,ht_phasor,2019-03-22,01/01/2000,01/01/2018,01/01/2019,AMZN_vanilla_nlag1_nseq1_e3238_b4528_n1_ind1_train01-01-2000_trainendteststart01-01-2018_testend01-01-2019,0.5657370517928287,0.015921572118949814,36.5673020298206,,,,,,,,,,,,,,,,,,,,,,,,,,,,,,,,,,,,,,,,,,,,,,,,,,,,,,,,,,,,,,,,,,,,,,,,,,,,,,,,,,,,,,,
AMZN,vanilla,3238,4528,1,1,0.46477113564809164,1,ht_sine,2019-03-22,01/01/2000,01/01/2018,01/01/2019,AMZN_vanilla_nlag1_nseq1_e3238_b4528_n1_ind1_train01-01-2000_trainendteststart01-01-2018_testend01-01-2019,0.4302788844621514,0.016146354243894635,36.6741690275219,,,,,,,,,,,,,,,,,,,,,,,,,,,,,,,,,,,,,,,,,,,,,,,,,,,,,,,,,,,,,,,,,,,,,,,,,,,,,,,,,,,,,,,
AMZN,vanilla,3238,4528,1,1,0.4832929809888204,1,ht_trendline,2019-03-22,01/01/2000,01/01/2018,01/01/2019,AMZN_vanilla_nlag1_nseq1_e3238_b4528_n1_ind1_train01-01-2000_trainendteststart01-01-2018_testend01-01-2019,0.5896414342629482,0.016027984336118836,36.656713343066464,,,,,,,,,,,,,,,,,,,,,,,,,,,,,,,,,,,,,,,,,,,,,,,,,,,,,,,,,,,,,,,,,,,,,,,,,,,,,,,,,,,,,,,
AMZN,vanilla,3238,4528,1,1,0.4835044304529826,1,ht_trendmode,2019-03-22,01/01/2000,01/01/2018,01/01/2019,AMZN_vanilla_nlag1_nseq1_e3238_b4528_n1_ind1_train01-01-2000_trainendteststart01-01-2018_testend01-01-2019,0.41832669322709165,0.016147081826111038,36.658874701649026,,,,,,,,,,,,,,,,,,,,,,,,,,,,,,,,,,,,,,,,,,,,,,,,,,,,,,,,,,,,,,,,,,,,,,,,,,,,,,,,,,,,,,,
AMZN,vanilla,3238,4528,1,1,0.5104845722516378,1,kama,2019-03-22,01/01/2000,01/01/2018,01/01/2019,AMZN_vanilla_nlag1_nseq1_e3238_b4528_n1_ind1_train01-01-2000_trainendteststart01-01-2018_testend01-01-2019,0.5258964143426295,0.016382819897052526,37.175611251759356,,,,,,,,,,,,,,,,,,,,,,,,,,,,,,,,,,,,,,,,,,,,,,,,,,,,,,,,,,,,,,,,,,,,,,,,,,,,,,,,,,,,,,,
AMZN,vanilla,3238,4528,1,1,0.49295210440953574,1,macd,2019-03-22,01/01/2000,01/01/2018,01/01/2019,AMZN_vanilla_nlag1_nseq1_e3238_b4528_n1_ind1_train01-01-2000_trainendteststart01-01-2018_testend01-01-2019,0.47808764940239046,0.016220147071432867,36.74205692462705,,,,,,,,,,,,,,,,,,,,,,,,,,,,,,,,,,,,,,,,,,,,,,,,,,,,,,,,,,,,,,,,,,,,,,,,,,,,,,,,,,,,,,,
AMZN,vanilla,3238,4528,1,1,0.5211133201917012,1,macdext,2019-03-22,01/01/2000,01/01/2018,01/01/2019,AMZN_vanilla_nlag1_nseq1_e3238_b4528_n1_ind1_train01-01-2000_trainendteststart01-01-2018_testend01-01-2019,0.5776892430278885,0.016005555214001814,36.5346467684371,,,,,,,,,,,,,,,,,,,,,,,,,,,,,,,,,,,,,,,,,,,,,,,,,,,,,,,,,,,,,,,,,,,,,,,,,,,,,,,,,,,,,,,
AMZN,vanilla,3238,4528,1,1,0.5128326932589213,1,mama,2019-03-22,01/01/2000,01/01/2018,01/01/2019,AMZN_vanilla_nlag1_nseq1_e3238_b4528_n1_ind1_train01-01-2000_trainendteststart01-01-2018_testend01-01-2019,0.5776892430278885,0.01609740965372282,36.64496392972796,,,,,,,,,,,,,,,,,,,,,,,,,,,,,,,,,,,,,,,,,,,,,,,,,,,,,,,,,,,,,,,,,,,,,,,,,,,,,,,,,,,,,,,
AMZN,vanilla,3238,4528,1,1,0.5298040509223938,1,mfi,2019-03-22,01/01/2000,01/01/2018,01/01/2019,AMZN_vanilla_nlag1_nseq1_e3238_b4528_n1_ind1_train01-01-2000_trainendteststart01-01-2018_testend01-01-2019,0.5776892430278885,0.016089337941175896,36.64117170047331,,,,,,,,,,,,,,,,,,,,,,,,,,,,,,,,,,,,,,,,,,,,,,,,,,,,,,,,,,,,,,,,,,,,,,,,,,,,,,,,,,,,,,,
AMZN,vanilla,3238,4528,1,1,0.5270233631134034,1,midpoint,2019-03-22,01/01/2000,01/01/2018,01/01/2019,AMZN_vanilla_nlag1_nseq1_e3238_b4528_n1_ind1_train01-01-2000_trainendteststart01-01-2018_testend01-01-2019,0.5776892430278885,0.01604633892524261,36.62729845205988,,,,,,,,,,,,,,,,,,,,,,,,,,,,,,,,,,,,,,,,,,,,,,,,,,,,,,,,,,,,,,,,,,,,,,,,,,,,,,,,,,,,,,,
AMZN,vanilla,3238,4528,1,1,0.5419937372207642,1,midprice,2019-03-22,01/01/2000,01/01/2018,01/01/2019,AMZN_vanilla_nlag1_nseq1_e3238_b4528_n1_ind1_train01-01-2000_trainendteststart01-01-2018_testend01-01-2019,0.5577689243027888,0.016193608987728397,37.08853927603165,,,,,,,,,,,,,,,,,,,,,,,,,,,,,,,,,,,,,,,,,,,,,,,,,,,,,,,,,,,,,,,,,,,,,,,,,,,,,,,,,,,,,,,
AMZN,vanilla,3238,4528,1,1,0.5425487478574117,1,minus_di,2019-03-22,01/01/2000,01/01/2018,01/01/2019,AMZN_vanilla_nlag1_nseq1_e3238_b4528_n1_ind1_train01-01-2000_trainendteststart01-01-2018_testend01-01-2019,0.5776892430278885,0.01610403371435207,36.66492756437433,,,,,,,,,,,,,,,,,,,,,,,,,,,,,,,,,,,,,,,,,,,,,,,,,,,,,,,,,,,,,,,,,,,,,,,,,,,,,,,,,,,,,,,
AMZN,vanilla,3238,4528,1,1,0.5582580685615539,1,minus_dm,2019-03-22,01/01/2000,01/01/2018,01/01/2019,AMZN_vanilla_nlag1_nseq1_e3238_b4528_n1_ind1_train01-01-2000_trainendteststart01-01-2018_testend01-01-2019,0.5577689243027888,0.016098184905837393,36.64170109429524,,,,,,,,,,,,,,,,,,,,,,,,,,,,,,,,,,,,,,,,,,,,,,,,,,,,,,,,,,,,,,,,,,,,,,,,,,,,,,,,,,,,,,,
AMZN,vanilla,3238,4528,1,1,0.5552413622538249,1,mom,2019-03-22,01/01/2000,01/01/2018,01/01/2019,AMZN_vanilla_nlag1_nseq1_e3238_b4528_n1_ind1_train01-01-2000_trainendteststart01-01-2018_testend01-01-2019,0.5816733067729084,0.016076312802094792,36.631462425182015,,,,,,,,,,,,,,,,,,,,,,,,,,,,,,,,,,,,,,,,,,,,,,,,,,,,,,,,,,,,,,,,,,,,,,,,,,,,,,,,,,,,,,,
AMZN,vanilla,3238,4528,1,1,0.574388309319814,1,natr,2019-03-22,01/01/2000,01/01/2018,01/01/2019,AMZN_vanilla_nlag1_nseq1_e3238_b4528_n1_ind1_train01-01-2000_trainendteststart01-01-2018_testend01-01-2019,0.5816733067729084,0.016015287320750696,36.62020603320815,,,,,,,,,,,,,,,,,,,,,,,,,,,,,,,,,,,,,,,,,,,,,,,,,,,,,,,,,,,,,,,,,,,,,,,,,,,,,,,,,,,,,,,
AMZN,vanilla,3238,4528,1,1,0.5801877697308858,1,obv,2019-03-22,01/01/2000,01/01/2018,01/01/2019,AMZN_vanilla_nlag1_nseq1_e3238_b4528_n1_ind1_train01-01-2000_trainendteststart01-01-2018_testend01-01-2019,0.5776892430278885,0.015893083499268153,36.683361924728175,,,,,,,,,,,,,,,,,,,,,,,,,,,,,,,,,,,,,,,,,,,,,,,,,,,,,,,,,,,,,,,,,,,,,,,,,,,,,,,,,,,,,,,
AMZN,vanilla,3238,4528,1,1,0.6009935895601909,1,plus_di,2019-03-22,01/01/2000,01/01/2018,01/01/2019,AMZN_vanilla_nlag1_nseq1_e3238_b4528_n1_ind1_train01-01-2000_trainendteststart01-01-2018_testend01-01-2019,0.5697211155378487,0.01609628752985931,36.64552100187354,,,,,,,,,,,,,,,,,,,,,,,,,,,,,,,,,,,,,,,,,,,,,,,,,,,,,,,,,,,,,,,,,,,,,,,,,,,,,,,,,,,,,,,
AMZN,vanilla,3238,4528,1,1,0.5932140668233236,1,plus_dm,2019-03-22,01/01/2000,01/01/2018,01/01/2019,AMZN_vanilla_nlag1_nseq1_e3238_b4528_n1_ind1_train01-01-2000_trainendteststart01-01-2018_testend01-01-2019,0.5577689243027888,0.01608181000506412,36.681193221690755,,,,,,,,,,,,,,,,,,,,,,,,,,,,,,,,,,,,,,,,,,,,,,,,,,,,,,,,,,,,,,,,,,,,,,,,,,,,,,,,,,,,,,,
AMZN,vanilla,3238,4528,1,1,0.6104338844617208,1,ppo,2019-03-22,01/01/2000,01/01/2018,01/01/2019,AMZN_vanilla_nlag1_nseq1_e3238_b4528_n1_ind1_train01-01-2000_trainendteststart01-01-2018_testend01-01-2019,0.5776892430278885,0.016019435739729335,36.619629616506785,,,,,,,,,,,,,,,,,,,,,,,,,,,,,,,,,,,,,,,,,,,,,,,,,,,,,,,,,,,,,,,,,,,,,,,,,,,,,,,,,,,,,,,
AMZN,vanilla,3238,4528,1,1,0.6158468921979269,1,roc,2019-03-22,01/01/2000,01/01/2018,01/01/2019,AMZN_vanilla_nlag1_nseq1_e3238_b4528_n1_ind1_train01-01-2000_trainendteststart01-01-2018_testend01-01-2019,0.5737051792828686,0.016076798917713048,36.641129745402345,,,,,,,,,,,,,,,,,,,,,,,,,,,,,,,,,,,,,,,,,,,,,,,,,,,,,,,,,,,,,,,,,,,,,,,,,,,,,,,,,,,,,,,
AMZN,vanilla,3238,4528,1,1,0.624884287516276,1,rocr,2019-03-22,01/01/2000,01/01/2018,01/01/2019,AMZN_vanilla_nlag1_nseq1_e3238_b4528_n1_ind1_train01-01-2000_trainendteststart01-01-2018_testend01-01-2019,0.5776892430278885,0.015968749392075716,36.62127802439796,,,,,,,,,,,,,,,,,,,,,,,,,,,,,,,,,,,,,,,,,,,,,,,,,,,,,,,,,,,,,,,,,,,,,,,,,,,,,,,,,,,,,,,
AMZN,vanilla,3238,4528,1,1,0.6251851320266724,1,rsi,2019-03-22,01/01/2000,01/01/2018,01/01/2019,AMZN_vanilla_nlag1_nseq1_e3238_b4528_n1_ind1_train01-01-2000_trainendteststart01-01-2018_testend01-01-2019,0.5816733067729084,0.01609101778841604,36.604147606297985,,,,,,,,,,,,,,,,,,,,,,,,,,,,,,,,,,,,,,,,,,,,,,,,,,,,,,,,,,,,,,,,,,,,,,,,,,,,,,,,,,,,,,,
AMZN,vanilla,3238,4528,1,1,0.6452449719111125,1,sar,2019-03-22,01/01/2000,01/01/2018,01/01/2019,AMZN_vanilla_nlag1_nseq1_e3238_b4528_n1_ind1_train01-01-2000_trainendteststart01-01-2018_testend01-01-2019,0.5338645418326693,0.01609632001819872,36.697398332951224,,,,,,,,,,,,,,,,,,,,,,,,,,,,,,,,,,,,,,,,,,,,,,,,,,,,,,,,,,,,,,,,,,,,,,,,,,,,,,,,,,,,,,,
AMZN,vanilla,3238,4528,1,1,0.6472311456998189,1,sma,2019-03-22,01/01/2000,01/01/2018,01/01/2019,AMZN_vanilla_nlag1_nseq1_e3238_b4528_n1_ind1_train01-01-2000_trainendteststart01-01-2018_testend01-01-2019,0.5776892430278885,0.01601086440413548,36.61404525859854,,,,,,,,,,,,,,,,,,,,,,,,,,,,,,,,,,,,,,,,,,,,,,,,,,,,,,,,,,,,,,,,,,,,,,,,,,,,,,,,,,,,,,,
AMZN,vanilla,3238,4528,1,1,0.6559898217519124,1,stoch,2019-03-22,01/01/2000,01/01/2018,01/01/2019,AMZN_vanilla_nlag1_nseq1_e3238_b4528_n1_ind1_train01-01-2000_trainendteststart01-01-2018_testend01-01-2019,0.5776892430278885,0.016096307755347712,36.651926807167406,,,,,,,,,,,,,,,,,,,,,,,,,,,,,,,,,,,,,,,,,,,,,,,,,,,,,,,,,,,,,,,,,,,,,,,,,,,,,,,,,,,,,,,
AMZN,vanilla,3238,4528,1,1,0.6629206816355387,1,stochf,2019-03-22,01/01/2000,01/01/2018,01/01/2019,AMZN_vanilla_nlag1_nseq1_e3238_b4528_n1_ind1_train01-01-2000_trainendteststart01-01-2018_testend01-01-2019,0.5776892430278885,0.0160063319786365,36.629477569988374,,,,,,,,,,,,,,,,,,,,,,,,,,,,,,,,,,,,,,,,,,,,,,,,,,,,,,,,,,,,,,,,,,,,,,,,,,,,,,,,,,,,,,,
AMZN,vanilla,3238,4528,1,1,0.6796510656674702,1,stochrsi,2019-03-22,01/01/2000,01/01/2018,01/01/2019,AMZN_vanilla_nlag1_nseq1_e3238_b4528_n1_ind1_train01-01-2000_trainendteststart01-01-2018_testend01-01-2019,0.5697211155378487,0.016042578294044634,36.60855640073586,,,,,,,,,,,,,,,,,,,,,,,,,,,,,,,,,,,,,,,,,,,,,,,,,,,,,,,,,,,,,,,,,,,,,,,,,,,,,,,,,,,,,,,
AMZN,vanilla,3238,4528,1,1,0.6827671567598979,1,t3,2019-03-22,01/01/2000,01/01/2018,01/01/2019,AMZN_vanilla_nlag1_nseq1_e3238_b4528_n1_ind1_train01-01-2000_trainendteststart01-01-2018_testend01-01-2019,0.5697211155378487,0.016082440161603644,36.76881967453082,,,,,,,,,,,,,,,,,,,,,,,,,,,,,,,,,,,,,,,,,,,,,,,,,,,,,,,,,,,,,,,,,,,,,,,,,,,,,,,,,,,,,,,
AMZN,vanilla,3238,4528,1,1,0.6905251224835713,1,tema,2019-03-22,01/01/2000,01/01/2018,01/01/2019,AMZN_vanilla_nlag1_nseq1_e3238_b4528_n1_ind1_train01-01-2000_trainendteststart01-01-2018_testend01-01-2019,0.5816733067729084,0.016063226131957254,36.60511385811207,,,,,,,,,,,,,,,,,,,,,,,,,,,,,,,,,,,,,,,,,,,,,,,,,,,,,,,,,,,,,,,,,,,,,,,,,,,,,,,,,,,,,,,
AMZN,vanilla,3238,4528,1,1,0.6986410776774089,1,trange,2019-03-22,01/01/2000,01/01/2018,01/01/2019,AMZN_vanilla_nlag1_nseq1_e3238_b4528_n1_ind1_train01-01-2000_trainendteststart01-01-2018_testend01-01-2019,0.549800796812749,0.01616809477448517,36.88603572291547,,,,,,,,,,,,,,,,,,,,,,,,,,,,,,,,,,,,,,,,,,,,,,,,,,,,,,,,,,,,,,,,,,,,,,,,,,,,,,,,,,,,,,,
AMZN,vanilla,3238,4528,1,1,0.7107481519381206,1,trima,2019-03-22,01/01/2000,01/01/2018,01/01/2019,AMZN_vanilla_nlag1_nseq1_e3238_b4528_n1_ind1_train01-01-2000_trainendteststart01-01-2018_testend01-01-2019,0.549800796812749,0.015982110614580523,36.715157139156396,,,,,,,,,,,,,,,,,,,,,,,,,,,,,,,,,,,,,,,,,,,,,,,,,,,,,,,,,,,,,,,,,,,,,,,,,,,,,,,,,,,,,,,
AMZN,vanilla,3238,4528,1,1,0.7192824761072795,1,trix,2019-03-22,01/01/2000,01/01/2018,01/01/2019,AMZN_vanilla_nlag1_nseq1_e3238_b4528_n1_ind1_train01-01-2000_trainendteststart01-01-2018_testend01-01-2019,0.5776892430278885,0.01603205423420181,36.61005825771864,,,,,,,,,,,,,,,,,,,,,,,,,,,,,,,,,,,,,,,,,,,,,,,,,,,,,,,,,,,,,,,,,,,,,,,,,,,,,,,,,,,,,,,
AMZN,vanilla,3238,4528,1,1,0.7271178603172302,1,ultsoc,2019-03-22,01/01/2000,01/01/2018,01/01/2019,AMZN_vanilla_nlag1_nseq1_e3238_b4528_n1_ind1_train01-01-2000_trainendteststart01-01-2018_testend01-01-2019,0.5657370517928287,0.01607303995722487,36.64844015090034,,,,,,,,,,,,,,,,,,,,,,,,,,,,,,,,,,,,,,,,,,,,,,,,,,,,,,,,,,,,,,,,,,,,,,,,,,,,,,,,,,,,,,,
AMZN,vanilla,3238,4528,1,1,0.7211465279261271,1,willr,2019-03-22,01/01/2000,01/01/2018,01/01/2019,AMZN_vanilla_nlag1_nseq1_e3238_b4528_n1_ind1_train01-01-2000_trainendteststart01-01-2018_testend01-01-2019,0.5776892430278885,0.016056844764995973,36.63145435182666,,,,,,,,,,,,,,,,,,,,,,,,,,,,,,,,,,,,,,,,,,,,,,,,,,,,,,,,,,,,,,,,,,,,,,,,,,,,,,,,,,,,,,,
AMZN,vanilla,3238,4528,1,1,0.731779690583547,1,wma,2019-03-22,01/01/2000,01/01/2018,01/01/2019,AMZN_vanilla_nlag1_nseq1_e3238_b4528_n1_ind1_train01-01-2000_trainendteststart01-01-2018_testend01-01-2019,0.5099601593625498,0.016085042177662417,36.60934155675463,,,,,,,,,,,,,,,,,,,,,,,,,,,,,,,,,,,,,,,,,,,,,,,,,,,,,,,,,,,,,,,,,,,,,,,,,,,,,,,,,,,,,,,
AMZN,stacked,239,4528,1,1,0.4187147776285807,1,price,2019-03-22,01/01/2000,01/01/2018,01/01/2019,AMZN_stacked_nlag1_nseq1_e239_b4528_n1_ind1_train01-01-2000_trainendteststart01-01-2018_testend01-01-2019,0.5816733067729084,0.01607152816649767,36.64662760868945,,,,,,,,,,,,,,,,,,,,,,,,,,,,,,,,,,,,,,,,,,,,,,,,,,,,,,,,,,,,,,,,,,,,,,,,,,,,,,,,,,,,,,,
AMZN,stacked,239,4528,1,1,0.4317323406537374,1,ad,2019-03-22,01/01/2000,01/01/2018,01/01/2019,AMZN_stacked_nlag1_nseq1_e239_b4528_n1_ind1_train01-01-2000_trainendteststart01-01-2018_testend01-01-2019,0.5776892430278885,0.01607735010394793,36.636788603425636,,,,,,,,,,,,,,,,,,,,,,,,,,,,,,,,,,,,,,,,,,,,,,,,,,,,,,,,,,,,,,,,,,,,,,,,,,,,,,,,,,,,,,,
AMZN,stacked,239,4528,1,1,0.44246440728505454,1,adosc,2019-03-22,01/01/2000,01/01/2018,01/01/2019,AMZN_stacked_nlag1_nseq1_e239_b4528_n1_ind1_train01-01-2000_trainendteststart01-01-2018_testend01-01-2019,0.5776892430278885,0.016087736740135312,36.64177358468459,,,,,,,,,,,,,,,,,,,,,,,,,,,,,,,,,,,,,,,,,,,,,,,,,,,,,,,,,,,,,,,,,,,,,,,,,,,,,,,,,,,,,,,
AMZN,stacked,239,4528,1,1,0.4851943294207255,1,adx,2019-03-22,01/01/2000,01/01/2018,01/01/2019,AMZN_stacked_nlag1_nseq1_e239_b4528_n1_ind1_train01-01-2000_trainendteststart01-01-2018_testend01-01-2019,0.5776892430278885,0.01608483627349373,36.641396183250315,,,,,,,,,,,,,,,,,,,,,,,,,,,,,,,,,,,,,,,,,,,,,,,,,,,,,,,,,,,,,,,,,,,,,,,,,,,,,,,,,,,,,,,
AMZN,stacked,239,4528,1,1,0.46792141993840536,1,adxr,2019-03-22,01/01/2000,01/01/2018,01/01/2019,AMZN_stacked_nlag1_nseq1_e239_b4528_n1_ind1_train01-01-2000_trainendteststart01-01-2018_testend01-01-2019,0.5776892430278885,0.01609473904611322,36.63816101914846,,,,,,,,,,,,,,,,,,,,,,,,,,,,,,,,,,,,,,,,,,,,,,,,,,,,,,,,,,,,,,,,,,,,,,,,,,,,,,,,,,,,,,,
AMZN,stacked,239,4528,1,1,0.4781051834424337,1,apo,2019-03-22,01/01/2000,01/01/2018,01/01/2019,AMZN_stacked_nlag1_nseq1_e239_b4528_n1_ind1_train01-01-2000_trainendteststart01-01-2018_testend01-01-2019,0.5139442231075697,0.01610828894110564,36.63943565042809,,,,,,,,,,,,,,,,,,,,,,,,,,,,,,,,,,,,,,,,,,,,,,,,,,,,,,,,,,,,,,,,,,,,,,,,,,,,,,,,,,,,,,,
AMZN,stacked,239,4528,1,1,0.4919168472290039,1,aroon,2019-03-22,01/01/2000,01/01/2018,01/01/2019,AMZN_stacked_nlag1_nseq1_e239_b4528_n1_ind1_train01-01-2000_trainendteststart01-01-2018_testend01-01-2019,0.5776892430278885,0.016086095409746117,36.63599163365461,,,,,,,,,,,,,,,,,,,,,,,,,,,,,,,,,,,,,,,,,,,,,,,,,,,,,,,,,,,,,,,,,,,,,,,,,,,,,,,,,,,,,,,
AMZN,stacked,239,4528,1,1,0.505858592192332,1,aroonosc,2019-03-22,01/01/2000,01/01/2018,01/01/2019,AMZN_stacked_nlag1_nseq1_e239_b4528_n1_ind1_train01-01-2000_trainendteststart01-01-2018_testend01-01-2019,0.5776892430278885,0.01608177889840817,36.64346346470239,,,,,,,,,,,,,,,,,,,,,,,,,,,,,,,,,,,,,,,,,,,,,,,,,,,,,,,,,,,,,,,,,,,,,,,,,,,,,,,,,,,,,,,
AMZN,stacked,239,4528,1,1,0.5169482429822286,1,bbands,2019-03-22,01/01/2000,01/01/2018,01/01/2019,AMZN_stacked_nlag1_nseq1_e239_b4528_n1_ind1_train01-01-2000_trainendteststart01-01-2018_testend01-01-2019,0.5776892430278885,0.01608406870003152,36.6421249820614,,,,,,,,,,,,,,,,,,,,,,,,,,,,,,,,,,,,,,,,,,,,,,,,,,,,,,,,,,,,,,,,,,,,,,,,,,,,,,,,,,,,,,,
AMZN,stacked,239,4528,1,1,0.5291039983431498,1,bop,2019-03-22,01/01/2000,01/01/2018,01/01/2019,AMZN_stacked_nlag1_nseq1_e239_b4528_n1_ind1_train01-01-2000_trainendteststart01-01-2018_testend01-01-2019,0.5657370517928287,0.016084223813996306,36.63612509595899,,,,,,,,,,,,,,,,,,,,,,,,,,,,,,,,,,,,,,,,,,,,,,,,,,,,,,,,,,,,,,,,,,,,,,,,,,,,,,,,,,,,,,,
AMZN,stacked,239,4528,1,1,0.5419140617052715,1,cci,2019-03-22,01/01/2000,01/01/2018,01/01/2019,AMZN_stacked_nlag1_nseq1_e239_b4528_n1_ind1_train01-01-2000_trainendteststart01-01-2018_testend01-01-2019,0.5737051792828686,0.016091273615417134,36.64295366171365,,,,,,,,,,,,,,,,,,,,,,,,,,,,,,,,,,,,,,,,,,,,,,,,,,,,,,,,,,,,,,,,,,,,,,,,,,,,,,,,,,,,,,,
AMZN,stacked,239,4528,1,1,0.5524930318196615,1,cmo,2019-03-22,01/01/2000,01/01/2018,01/01/2019,AMZN_stacked_nlag1_nseq1_e239_b4528_n1_ind1_train01-01-2000_trainendteststart01-01-2018_testend01-01-2019,0.5776892430278885,0.01608814303967121,36.64201203218524,,,,,,,,,,,,,,,,,,,,,,,,,,,,,,,,,,,,,,,,,,,,,,,,,,,,,,,,,,,,,,,,,,,,,,,,,,,,,,,,,,,,,,,
AMZN,stacked,239,4528,1,1,0.5651117483774821,1,dema,2019-03-22,01/01/2000,01/01/2018,01/01/2019,AMZN_stacked_nlag1_nseq1_e239_b4528_n1_ind1_train01-01-2000_trainendteststart01-01-2018_testend01-01-2019,0.5776892430278885,0.016075291456907115,36.63924785339965,,,,,,,,,,,,,,,,,,,,,,,,,,,,,,,,,,,,,,,,,,,,,,,,,,,,,,,,,,,,,,,,,,,,,,,,,,,,,,,,,,,,,,,
AMZN,stacked,239,4528,1,1,0.6179819941520691,1,dx,2019-03-22,01/01/2000,01/01/2018,01/01/2019,AMZN_stacked_nlag1_nseq1_e239_b4528_n1_ind1_train01-01-2000_trainendteststart01-01-2018_testend01-01-2019,0.5776892430278885,0.01608407136589702,36.63990437219865,,,,,,,,,,,,,,,,,,,,,,,,,,,,,,,,,,,,,,,,,,,,,,,,,,,,,,,,,,,,,,,,,,,,,,,,,,,,,,,,,,,,,,,
AMZN,stacked,239,4528,1,1,0.5910903334617614,1,ema,2019-03-22,01/01/2000,01/01/2018,01/01/2019,AMZN_stacked_nlag1_nseq1_e239_b4528_n1_ind1_train01-01-2000_trainendteststart01-01-2018_testend01-01-2019,0.5418326693227091,0.016109806768508636,36.65023143418993,,,,,,,,,,,,,,,,,,,,,,,,,,,,,,,,,,,,,,,,,,,,,,,,,,,,,,,,,,,,,,,,,,,,,,,,,,,,,,,,,,,,,,,
AMZN,stacked,239,4528,1,1,0.5975585540135702,1,ht_dcperiod,2019-03-22,01/01/2000,01/01/2018,01/01/2019,AMZN_stacked_nlag1_nseq1_e239_b4528_n1_ind1_train01-01-2000_trainendteststart01-01-2018_testend01-01-2019,0.5776892430278885,0.016087650661846167,36.64116907368421,,,,,,,,,,,,,,,,,,,,,,,,,,,,,,,,,,,,,,,,,,,,,,,,,,,,,,,,,,,,,,,,,,,,,,,,,,,,,,,,,,,,,,,
AMZN,stacked,239,4528,1,1,0.6170584042867024,1,ht_dcphase,2019-03-22,01/01/2000,01/01/2018,01/01/2019,AMZN_stacked_nlag1_nseq1_e239_b4528_n1_ind1_train01-01-2000_trainendteststart01-01-2018_testend01-01-2019,0.47410358565737054,0.01612094509761472,36.67452567368459,,,,,,,,,,,,,,,,,,,,,,,,,,,,,,,,,,,,,,,,,,,,,,,,,,,,,,,,,,,,,,,,,,,,,,,,,,,,,,,,,,,,,,,
AMZN,stacked,239,4528,1,1,0.6289582490921021,1,ht_phasor,2019-03-22,01/01/2000,01/01/2018,01/01/2019,AMZN_stacked_nlag1_nseq1_e239_b4528_n1_ind1_train01-01-2000_trainendteststart01-01-2018_testend01-01-2019,0.5099601593625498,0.016115215199125076,36.6528984575636,,,,,,,,,,,,,,,,,,,,,,,,,,,,,,,,,,,,,,,,,,,,,,,,,,,,,,,,,,,,,,,,,,,,,,,,,,,,,,,,,,,,,,,
AMZN,stacked,239,4528,1,1,0.6495772361755371,1,ht_sine,2019-03-22,01/01/2000,01/01/2018,01/01/2019,AMZN_stacked_nlag1_nseq1_e239_b4528_n1_ind1_train01-01-2000_trainendteststart01-01-2018_testend01-01-2019,0.5776892430278885,0.01609154296120262,36.634761036869754,,,,,,,,,,,,,,,,,,,,,,,,,,,,,,,,,,,,,,,,,,,,,,,,,,,,,,,,,,,,,,,,,,,,,,,,,,,,,,,,,,,,,,,
AMZN,stacked,239,4528,1,1,0.6539045333862304,1,ht_trendline,2019-03-22,01/01/2000,01/01/2018,01/01/2019,AMZN_stacked_nlag1_nseq1_e239_b4528_n1_ind1_train01-01-2000_trainendteststart01-01-2018_testend01-01-2019,0.5776892430278885,0.016105645937533872,36.64749787872819,,,,,,,,,,,,,,,,,,,,,,,,,,,,,,,,,,,,,,,,,,,,,,,,,,,,,,,,,,,,,,,,,,,,,,,,,,,,,,,,,,,,,,,
AMZN,stacked,239,4528,1,1,0.6734811266263326,1,ht_trendmode,2019-03-22,01/01/2000,01/01/2018,01/01/2019,AMZN_stacked_nlag1_nseq1_e239_b4528_n1_ind1_train01-01-2000_trainendteststart01-01-2018_testend01-01-2019,0.41434262948207173,0.016134624530829436,36.67872037188938,,,,,,,,,,,,,,,,,,,,,,,,,,,,,,,,,,,,,,,,,,,,,,,,,,,,,,,,,,,,,,,,,,,,,,,,,,,,,,,,,,,,,,,
AMZN,stacked,239,4528,1,1,0.6791844566663107,1,kama,2019-03-22,01/01/2000,01/01/2018,01/01/2019,AMZN_stacked_nlag1_nseq1_e239_b4528_n1_ind1_train01-01-2000_trainendteststart01-01-2018_testend01-01-2019,0.5776892430278885,0.016047560997917907,36.619094172745065,,,,,,,,,,,,,,,,,,,,,,,,,,,,,,,,,,,,,,,,,,,,,,,,,,,,,,,,,,,,,,,,,,,,,,,,,,,,,,,,,,,,,,,
AMZN,stacked,239,4528,1,1,0.6908700148264567,1,macd,2019-03-22,01/01/2000,01/01/2018,01/01/2019,AMZN_stacked_nlag1_nseq1_e239_b4528_n1_ind1_train01-01-2000_trainendteststart01-01-2018_testend01-01-2019,0.5856573705179283,0.01606669909976867,36.627799775229725,,,,,,,,,,,,,,,,,,,,,,,,,,,,,,,,,,,,,,,,,,,,,,,,,,,,,,,,,,,,,,,,,,,,,,,,,,,,,,,,,,,,,,,
AMZN,stacked,239,4528,1,1,0.7481270035107931,1,macdext,2019-03-22,01/01/2000,01/01/2018,01/01/2019,AMZN_stacked_nlag1_nseq1_e239_b4528_n1_ind1_train01-01-2000_trainendteststart01-01-2018_testend01-01-2019,0.5776892430278885,0.016046486792029944,36.59858578219441,,,,,,,,,,,,,,,,,,,,,,,,,,,,,,,,,,,,,,,,,,,,,,,,,,,,,,,,,,,,,,,,,,,,,,,,,,,,,,,,,,,,,,,
AMZN,stacked,239,4528,1,1,0.7660271326700846,1,mama,2019-03-22,01/01/2000,01/01/2018,01/01/2019,AMZN_stacked_nlag1_nseq1_e239_b4528_n1_ind1_train01-01-2000_trainendteststart01-01-2018_testend01-01-2019,0.5776892430278885,0.015989721733549313,36.626842482167454,,,,,,,,,,,,,,,,,,,,,,,,,,,,,,,,,,,,,,,,,,,,,,,,,,,,,,,,,,,,,,,,,,,,,,,,,,,,,,,,,,,,,,,
AMZN,stacked,239,4528,1,1,0.7267135461171468,1,mfi,2019-03-22,01/01/2000,01/01/2018,01/01/2019,AMZN_stacked_nlag1_nseq1_e239_b4528_n1_ind1_train01-01-2000_trainendteststart01-01-2018_testend01-01-2019,0.5776892430278885,0.016089278211072075,36.64420641981054,,,,,,,,,,,,,,,,,,,,,,,,,,,,,,,,,,,,,,,,,,,,,,,,,,,,,,,,,,,,,,,,,,,,,,,,,,,,,,,,,,,,,,,
AMZN,stacked,239,4528,1,1,0.7431357105573019,1,midpoint,2019-03-22,01/01/2000,01/01/2018,01/01/2019,AMZN_stacked_nlag1_nseq1_e239_b4528_n1_ind1_train01-01-2000_trainendteststart01-01-2018_testend01-01-2019,0.5976095617529881,0.01603946768726462,36.60752229734085,,,,,,,,,,,,,,,,,,,,,,,,,,,,,,,,,,,,,,,,,,,,,,,,,,,,,,,,,,,,,,,,,,,,,,,,,,,,,,,,,,,,,,,
AMZN,stacked,239,4528,1,1,0.7604889392852783,1,midprice,2019-03-22,01/01/2000,01/01/2018,01/01/2019,AMZN_stacked_nlag1_nseq1_e239_b4528_n1_ind1_train01-01-2000_trainendteststart01-01-2018_testend01-01-2019,0.5776892430278885,0.016064874444997355,36.624858082219966,,,,,,,,,,,,,,,,,,,,,,,,,,,,,,,,,,,,,,,,,,,,,,,,,,,,,,,,,,,,,,,,,,,,,,,,,,,,,,,,,,,,,,,
AMZN,stacked,239,4528,1,1,0.7679198424021403,1,minus_di,2019-03-22,01/01/2000,01/01/2018,01/01/2019,AMZN_stacked_nlag1_nseq1_e239_b4528_n1_ind1_train01-01-2000_trainendteststart01-01-2018_testend01-01-2019,0.5776892430278885,0.016088069509334845,36.64139466263343,,,,,,,,,,,,,,,,,,,,,,,,,,,,,,,,,,,,,,,,,,,,,,,,,,,,,,,,,,,,,,,,,,,,,,,,,,,,,,,,,,,,,,,
AMZN,stacked,239,4528,1,1,0.7808383464813232,1,minus_dm,2019-03-22,01/01/2000,01/01/2018,01/01/2019,AMZN_stacked_nlag1_nseq1_e239_b4528_n1_ind1_train01-01-2000_trainendteststart01-01-2018_testend01-01-2019,0.5697211155378487,0.01608688858575799,36.63327385502982,,,,,,,,,,,,,,,,,,,,,,,,,,,,,,,,,,,,,,,,,,,,,,,,,,,,,,,,,,,,,,,,,,,,,,,,,,,,,,,,,,,,,,,
AMZN,stacked,239,4528,1,1,0.7896576166152954,1,mom,2019-03-22,01/01/2000,01/01/2018,01/01/2019,AMZN_stacked_nlag1_nseq1_e239_b4528_n1_ind1_train01-01-2000_trainendteststart01-01-2018_testend01-01-2019,0.5776892430278885,0.016058019471544983,36.63226549996375,,,,,,,,,,,,,,,,,,,,,,,,,,,,,,,,,,,,,,,,,,,,,,,,,,,,,,,,,,,,,,,,,,,,,,,,,,,,,,,,,,,,,,,
AMZN,stacked,239,4528,1,1,0.8043958107630412,1,natr,2019-03-22,01/01/2000,01/01/2018,01/01/2019,AMZN_stacked_nlag1_nseq1_e239_b4528_n1_ind1_train01-01-2000_trainendteststart01-01-2018_testend01-01-2019,0.5776892430278885,0.016086793902167773,36.64134704931692,,,,,,,,,,,,,,,,,,,,,,,,,,,,,,,,,,,,,,,,,,,,,,,,,,,,,,,,,,,,,,,,,,,,,,,,,,,,,,,,,,,,,,,
AMZN,stacked,239,4528,1,1,0.8748929460843404,1,obv,2019-03-22,01/01/2000,01/01/2018,01/01/2019,AMZN_stacked_nlag1_nseq1_e239_b4528_n1_ind1_train01-01-2000_trainendteststart01-01-2018_testend01-01-2019,0.5776892430278885,0.01604912360697787,36.636189015975795,,,,,,,,,,,,,,,,,,,,,,,,,,,,,,,,,,,,,,,,,,,,,,,,,,,,,,,,,,,,,,,,,,,,,,,,,,,,,,,,,,,,,,,
AMZN,stacked,239,4528,1,1,0.8358604470888774,1,plus_di,2019-03-22,01/01/2000,01/01/2018,01/01/2019,AMZN_stacked_nlag1_nseq1_e239_b4528_n1_ind1_train01-01-2000_trainendteststart01-01-2018_testend01-01-2019,0.5737051792828686,0.01607917810363681,36.63554759239802,,,,,,,,,,,,,,,,,,,,,,,,,,,,,,,,,,,,,,,,,,,,,,,,,,,,,,,,,,,,,,,,,,,,,,,,,,,,,,,,,,,,,,,
AMZN,stacked,239,4528,1,1,0.8406494696935017,1,plus_dm,2019-03-22,01/01/2000,01/01/2018,01/01/2019,AMZN_stacked_nlag1_nseq1_e239_b4528_n1_ind1_train01-01-2000_trainendteststart01-01-2018_testend01-01-2019,0.5936254980079682,0.016089087890397404,36.63682417762169,,,,,,,,,,,,,,,,,,,,,,,,,,,,,,,,,,,,,,,,,,,,,,,,,,,,,,,,,,,,,,,,,,,,,,,,,,,,,,,,,,,,,,,
AMZN,stacked,239,4528,1,1,0.8614830334981283,1,ppo,2019-03-22,01/01/2000,01/01/2018,01/01/2019,AMZN_stacked_nlag1_nseq1_e239_b4528_n1_ind1_train01-01-2000_trainendteststart01-01-2018_testend01-01-2019,0.5776892430278885,0.016088285113818403,36.64221984243835,,,,,,,,,,,,,,,,,,,,,,,,,,,,,,,,,,,,,,,,,,,,,,,,,,,,,,,,,,,,,,,,,,,,,,,,,,,,,,,,,,,,,,,
AMZN,stacked,239,4528,1,1,0.923730727036794,1,roc,2019-03-22,01/01/2000,01/01/2018,01/01/2019,AMZN_stacked_nlag1_nseq1_e239_b4528_n1_ind1_train01-01-2000_trainendteststart01-01-2018_testend01-01-2019,0.5776892430278885,0.016088137840421023,36.64219763185687,,,,,,,,,,,,,,,,,,,,,,,,,,,,,,,,,,,,,,,,,,,,,,,,,,,,,,,,,,,,,,,,,,,,,,,,,,,,,,,,,,,,,,,
AMZN,stacked,239,4528,1,1,0.890412966410319,1,rocr,2019-03-22,01/01/2000,01/01/2018,01/01/2019,AMZN_stacked_nlag1_nseq1_e239_b4528_n1_ind1_train01-01-2000_trainendteststart01-01-2018_testend01-01-2019,0.5776892430278885,0.01608812559843517,36.641952595161456,,,,,,,,,,,,,,,,,,,,,,,,,,,,,,,,,,,,,,,,,,,,,,,,,,,,,,,,,,,,,,,,,,,,,,,,,,,,,,,,,,,,,,,
AMZN,stacked,239,4528,1,1,0.9020674069722493,1,rsi,2019-03-22,01/01/2000,01/01/2018,01/01/2019,AMZN_stacked_nlag1_nseq1_e239_b4528_n1_ind1_train01-01-2000_trainendteststart01-01-2018_testend01-01-2019,0.5776892430278885,0.01608653721837281,36.64192170003708,,,,,,,,,,,,,,,,,,,,,,,,,,,,,,,,,,,,,,,,,,,,,,,,,,,,,,,,,,,,,,,,,,,,,,,,,,,,,,,,,,,,,,,
AMZN,stacked,239,4528,1,1,0.9146356503168742,1,sar,2019-03-22,01/01/2000,01/01/2018,01/01/2019,AMZN_stacked_nlag1_nseq1_e239_b4528_n1_ind1_train01-01-2000_trainendteststart01-01-2018_testend01-01-2019,0.5776892430278885,0.01608877782908189,36.63730020803695,,,,,,,,,,,,,,,,,,,,,,,,,,,,,,,,,,,,,,,,,,,,,,,,,,,,,,,,,,,,,,,,,,,,,,,,,,,,,,,,,,,,,,,
AMZN,stacked,239,4528,1,1,0.9235713402430217,1,sma,2019-03-22,01/01/2000,01/01/2018,01/01/2019,AMZN_stacked_nlag1_nseq1_e239_b4528_n1_ind1_train01-01-2000_trainendteststart01-01-2018_testend01-01-2019,0.5776892430278885,0.016093940129384383,36.64320223246276,,,,,,,,,,,,,,,,,,,,,,,,,,,,,,,,,,,,,,,,,,,,,,,,,,,,,,,,,,,,,,,,,,,,,,,,,,,,,,,,,,,,,,,
AMZN,stacked,239,4528,1,1,0.9337250669797261,1,stoch,2019-03-22,01/01/2000,01/01/2018,01/01/2019,AMZN_stacked_nlag1_nseq1_e239_b4528_n1_ind1_train01-01-2000_trainendteststart01-01-2018_testend01-01-2019,0.5776892430278885,0.01608770555066578,36.64150711059176,,,,,,,,,,,,,,,,,,,,,,,,,,,,,,,,,,,,,,,,,,,,,,,,,,,,,,,,,,,,,,,,,,,,,,,,,,,,,,,,,,,,,,,
AMZN,stacked,239,4528,1,1,0.9581197381019593,1,stochf,2019-03-22,01/01/2000,01/01/2018,01/01/2019,AMZN_stacked_nlag1_nseq1_e239_b4528_n1_ind1_train01-01-2000_trainendteststart01-01-2018_testend01-01-2019,0.5776892430278885,0.01608265956704926,36.637809820208744,,,,,,,,,,,,,,,,,,,,,,,,,,,,,,,,,,,,,,,,,,,,,,,,,,,,,,,,,,,,,,,,,,,,,,,,,,,,,,,,,,,,,,,
AMZN,stacked,239,4528,1,1,0.9650781234105428,1,stochrsi,2019-03-22,01/01/2000,01/01/2018,01/01/2019,AMZN_stacked_nlag1_nseq1_e239_b4528_n1_ind1_train01-01-2000_trainendteststart01-01-2018_testend01-01-2019,0.5737051792828686,0.01608760842867072,36.6392473906656,,,,,,,,,,,,,,,,,,,,,,,,,,,,,,,,,,,,,,,,,,,,,,,,,,,,,,,,,,,,,,,,,,,,,,,,,,,,,,,,,,,,,,,
AMZN,stacked,239,4528,1,1,0.9893589695294698,1,t3,2019-03-22,01/01/2000,01/01/2018,01/01/2019,AMZN_stacked_nlag1_nseq1_e239_b4528_n1_ind1_train01-01-2000_trainendteststart01-01-2018_testend01-01-2019,0.5776892430278885,0.01603038342729785,36.630791537615664,,,,,,,,,,,,,,,,,,,,,,,,,,,,,,,,,,,,,,,,,,,,,,,,,,,,,,,,,,,,,,,,,,,,,,,,,,,,,,,,,,,,,,,
AMZN,stacked,239,4528,1,1,1.0020986914634704,1,tema,2019-03-22,01/01/2000,01/01/2018,01/01/2019,AMZN_stacked_nlag1_nseq1_e239_b4528_n1_ind1_train01-01-2000_trainendteststart01-01-2018_testend01-01-2019,0.5617529880478087,0.016080533412106458,36.635572557132015,,,,,,,,,,,,,,,,,,,,,,,,,,,,,,,,,,,,,,,,,,,,,,,,,,,,,,,,,,,,,,,,,,,,,,,,,,,,,,,,,,,,,,,
AMZN,stacked,239,4528,1,1,1.0137644767761231,1,trange,2019-03-22,01/01/2000,01/01/2018,01/01/2019,AMZN_stacked_nlag1_nseq1_e239_b4528_n1_ind1_train01-01-2000_trainendteststart01-01-2018_testend01-01-2019,0.5776892430278885,0.01608866876648094,36.659182976040476,,,,,,,,,,,,,,,,,,,,,,,,,,,,,,,,,,,,,,,,,,,,,,,,,,,,,,,,,,,,,,,,,,,,,,,,,,,,,,,,,,,,,,,
AMZN,stacked,239,4528,1,1,1.0253902355829874,1,trima,2019-03-22,01/01/2000,01/01/2018,01/01/2019,AMZN_stacked_nlag1_nseq1_e239_b4528_n1_ind1_train01-01-2000_trainendteststart01-01-2018_testend01-01-2019,0.601593625498008,0.016058788570287474,36.62109750594057,,,,,,,,,,,,,,,,,,,,,,,,,,,,,,,,,,,,,,,,,,,,,,,,,,,,,,,,,,,,,,,,,,,,,,,,,,,,,,,,,,,,,,,
AMZN,stacked,239,4528,1,1,1.1130740602811178,1,trix,2019-03-22,01/01/2000,01/01/2018,01/01/2019,AMZN_stacked_nlag1_nseq1_e239_b4528_n1_ind1_train01-01-2000_trainendteststart01-01-2018_testend01-01-2019,0.5776892430278885,0.01606967558561458,36.63997382191211,,,,,,,,,,,,,,,,,,,,,,,,,,,,,,,,,,,,,,,,,,,,,,,,,,,,,,,,,,,,,,,,,,,,,,,,,,,,,,,,,,,,,,,
AMZN,stacked,239,4528,1,1,1.1137072960535686,1,ultsoc,2019-03-22,01/01/2000,01/01/2018,01/01/2019,AMZN_stacked_nlag1_nseq1_e239_b4528_n1_ind1_train01-01-2000_trainendteststart01-01-2018_testend01-01-2019,0.5737051792828686,0.016070518429193555,36.63617423222348,,,,,,,,,,,,,,,,,,,,,,,,,,,,,,,,,,,,,,,,,,,,,,,,,,,,,,,,,,,,,,,,,,,,,,,,,,,,,,,,,,,,,,,
AMZN,stacked,239,4528,1,1,1.0704291701316833,1,willr,2019-03-22,01/01/2000,01/01/2018,01/01/2019,AMZN_stacked_nlag1_nseq1_e239_b4528_n1_ind1_train01-01-2000_trainendteststart01-01-2018_testend01-01-2019,0.5816733067729084,0.016077699892062158,36.62968927650214,,,,,,,,,,,,,,,,,,,,,,,,,,,,,,,,,,,,,,,,,,,,,,,,,,,,,,,,,,,,,,,,,,,,,,,,,,,,,,,,,,,,,,,
AMZN,stacked,239,4528,1,1,1.1587295333544414,1,wma,2019-03-22,01/01/2000,01/01/2018,01/01/2019,AMZN_stacked_nlag1_nseq1_e239_b4528_n1_ind1_train01-01-2000_trainendteststart01-01-2018_testend01-01-2019,0.4860557768924303,0.01610989352487842,36.6484911091535,,,,,,,,,,,,,,,,,,,,,,,,,,,,,,,,,,,,,,,,,,,,,,,,,,,,,,,,,,,,,,,,,,,,,,,,,,,,,,,,,,,,,,,
AMZN,bi,2097,4528,1,1,1.229116940498352,1,price,2019-03-22,01/01/2000,01/01/2018,01/01/2019,AMZN_bi_nlag1_nseq1_e2097_b4528_n1_ind1_train01-01-2000_trainendteststart01-01-2018_testend01-01-2019,0.41434262948207173,0.016181569929845846,36.71649972308364,,,,,,,,,,,,,,,,,,,,,,,,,,,,,,,,,,,,,,,,,,,,,,,,,,,,,,,,,,,,,,,,,,,,,,,,,,,,,,,,,,,,,,,
AMZN,bi,2097,4528,1,1,1.212463124593099,1,ad,2019-03-22,01/01/2000,01/01/2018,01/01/2019,AMZN_bi_nlag1_nseq1_e2097_b4528_n1_ind1_train01-01-2000_trainendteststart01-01-2018_testend01-01-2019,0.41832669322709165,0.01612192767926801,36.64429840281097,,,,,,,,,,,,,,,,,,,,,,,,,,,,,,,,,,,,,,,,,,,,,,,,,,,,,,,,,,,,,,,,,,,,,,,,,,,,,,,,,,,,,,,
AMZN,bi,2097,4528,1,1,1.205785075823466,1,adosc,2019-03-22,01/01/2000,01/01/2018,01/01/2019,AMZN_bi_nlag1_nseq1_e2097_b4528_n1_ind1_train01-01-2000_trainendteststart01-01-2018_testend01-01-2019,0.4342629482071713,0.016127892452679593,36.65326411805554,,,,,,,,,,,,,,,,,,,,,,,,,,,,,,,,,,,,,,,,,,,,,,,,,,,,,,,,,,,,,,,,,,,,,,,,,,,,,,,,,,,,,,,
AMZN,bi,2097,4528,1,1,1.2697223742802939,1,adx,2019-03-22,01/01/2000,01/01/2018,01/01/2019,AMZN_bi_nlag1_nseq1_e2097_b4528_n1_ind1_train01-01-2000_trainendteststart01-01-2018_testend01-01-2019,0.41832669322709165,0.016189914715076328,36.68454460253772,,,,,,,,,,,,,,,,,,,,,,,,,,,,,,,,,,,,,,,,,,,,,,,,,,,,,,,,,,,,,,,,,,,,,,,,,,,,,,,,,,,,,,,
AMZN,bi,2097,4528,1,1,1.25286811987559,1,adxr,2019-03-22,01/01/2000,01/01/2018,01/01/2019,AMZN_bi_nlag1_nseq1_e2097_b4528_n1_ind1_train01-01-2000_trainendteststart01-01-2018_testend01-01-2019,0.44621513944223107,0.016157154997762244,36.68896784060107,,,,,,,,,,,,,,,,,,,,,,,,,,,,,,,,,,,,,,,,,,,,,,,,,,,,,,,,,,,,,,,,,,,,,,,,,,,,,,,,,,,,,,,
AMZN,bi,2097,4528,1,1,1.2247794270515442,1,apo,2019-03-22,01/01/2000,01/01/2018,01/01/2019,AMZN_bi_nlag1_nseq1_e2097_b4528_n1_ind1_train01-01-2000_trainendteststart01-01-2018_testend01-01-2019,0.4900398406374502,0.01607708296883034,36.5812615555481,,,,,,,,,,,,,,,,,,,,,,,,,,,,,,,,,,,,,,,,,,,,,,,,,,,,,,,,,,,,,,,,,,,,,,,,,,,,,,,,,,,,,,,
AMZN,bi,2097,4528,1,1,1.2426959156990052,1,aroon,2019-03-22,01/01/2000,01/01/2018,01/01/2019,AMZN_bi_nlag1_nseq1_e2097_b4528_n1_ind1_train01-01-2000_trainendteststart01-01-2018_testend01-01-2019,0.5776892430278885,0.016036098879838513,36.62816013336708,,,,,,,,,,,,,,,,,,,,,,,,,,,,,,,,,,,,,,,,,,,,,,,,,,,,,,,,,,,,,,,,,,,,,,,,,,,,,,,,,,,,,,,
AMZN,bi,2097,4528,1,1,1.347729003429413,1,aroonosc,2019-03-22,01/01/2000,01/01/2018,01/01/2019,AMZN_bi_nlag1_nseq1_e2097_b4528_n1_ind1_train01-01-2000_trainendteststart01-01-2018_testend01-01-2019,0.5776892430278885,0.016000914534355135,36.617494015149724,,,,,,,,,,,,,,,,,,,,,,,,,,,,,,,,,,,,,,,,,,,,,,,,,,,,,,,,,,,,,,,,,,,,,,,,,,,,,,,,,,,,,,,
AMZN,bi,2097,4528,1,1,1.3077889919281005,1,bbands,2019-03-22,01/01/2000,01/01/2018,01/01/2019,AMZN_bi_nlag1_nseq1_e2097_b4528_n1_ind1_train01-01-2000_trainendteststart01-01-2018_testend01-01-2019,0.5418326693227091,0.01611491276263272,36.64541891709625,,,,,,,,,,,,,,,,,,,,,,,,,,,,,,,,,,,,,,,,,,,,,,,,,,,,,,,,,,,,,,,,,,,,,,,,,,,,,,,,,,,,,,,
AMZN,bi,2097,4528,1,1,1.2657757838567099,1,bop,2019-03-22,01/01/2000,01/01/2018,01/01/2019,AMZN_bi_nlag1_nseq1_e2097_b4528_n1_ind1_train01-01-2000_trainendteststart01-01-2018_testend01-01-2019,0.41832669322709165,0.01614527373978757,36.664956527977246,,,,,,,,,,,,,,,,,,,,,,,,,,,,,,,,,,,,,,,,,,,,,,,,,,,,,,,,,,,,,,,,,,,,,,,,,,,,,,,,,,,,,,,
AMZN,bi,2097,4528,1,1,1.2815246780713399,1,cci,2019-03-22,01/01/2000,01/01/2018,01/01/2019,AMZN_bi_nlag1_nseq1_e2097_b4528_n1_ind1_train01-01-2000_trainendteststart01-01-2018_testend01-01-2019,0.5776892430278885,0.01609587926654118,36.645283404950156,,,,,,,,,,,,,,,,,,,,,,,,,,,,,,,,,,,,,,,,,,,,,,,,,,,,,,,,,,,,,,,,,,,,,,,,,,,,,,,,,,,,,,,
AMZN,bi,2097,4528,1,1,1.3978882908821106,1,cmo,2019-03-22,01/01/2000,01/01/2018,01/01/2019,AMZN_bi_nlag1_nseq1_e2097_b4528_n1_ind1_train01-01-2000_trainendteststart01-01-2018_testend01-01-2019,0.5737051792828686,0.01609870870743258,36.62907846171098,,,,,,,,,,,,,,,,,,,,,,,,,,,,,,,,,,,,,,,,,,,,,,,,,,,,,,,,,,,,,,,,,,,,,,,,,,,,,,,,,,,,,,,
AMZN,bi,2097,4528,1,1,1.3521244088808695,1,dema,2019-03-22,01/01/2000,01/01/2018,01/01/2019,AMZN_bi_nlag1_nseq1_e2097_b4528_n1_ind1_train01-01-2000_trainendteststart01-01-2018_testend01-01-2019,0.4940239043824701,0.016112340490061574,36.63538717438456,,,,,,,,,,,,,,,,,,,,,,,,,,,,,,,,,,,,,,,,,,,,,,,,,,,,,,,,,,,,,,,,,,,,,,,,,,,,,,,,,,,,,,,
AMZN,bi,2097,4528,1,1,1.3271874864896138,1,dx,2019-03-22,01/01/2000,01/01/2018,01/01/2019,AMZN_bi_nlag1_nseq1_e2097_b4528_n1_ind1_train01-01-2000_trainendteststart01-01-2018_testend01-01-2019,0.41832669322709165,0.01617938001781242,36.678138863259676,,,,,,,,,,,,,,,,,,,,,,,,,,,,,,,,,,,,,,,,,,,,,,,,,,,,,,,,,,,,,,,,,,,,,,,,,,,,,,,,,,,,,,,
AMZN,bi,2097,4528,1,1,1.410543727874756,1,ema,2019-03-22,01/01/2000,01/01/2018,01/01/2019,AMZN_bi_nlag1_nseq1_e2097_b4528_n1_ind1_train01-01-2000_trainendteststart01-01-2018_testend01-01-2019,0.5776892430278885,0.016028013501597087,36.622743131811994,,,,,,,,,,,,,,,,,,,,,,,,,,,,,,,,,,,,,,,,,,,,,,,,,,,,,,,,,,,,,,,,,,,,,,,,,,,,,,,,,,,,,,,
AMZN,bi,2097,4528,1,1,1.361861491203308,1,ht_dcperiod,2019-03-22,01/01/2000,01/01/2018,01/01/2019,AMZN_bi_nlag1_nseq1_e2097_b4528_n1_ind1_train01-01-2000_trainendteststart01-01-2018_testend01-01-2019,0.5776892430278885,0.016058729283463618,36.62522025654859,,,,,,,,,,,,,,,,,,,,,,,,,,,,,,,,,,,,,,,,,,,,,,,,,,,,,,,,,,,,,,,,,,,,,,,,,,,,,,,,,,,,,,,
AMZN,bi,2097,4528,1,1,1.357681934038798,1,ht_dcphase,2019-03-22,01/01/2000,01/01/2018,01/01/2019,AMZN_bi_nlag1_nseq1_e2097_b4528_n1_ind1_train01-01-2000_trainendteststart01-01-2018_testend01-01-2019,0.5776892430278885,0.01608181422288427,36.64474088001275,,,,,,,,,,,,,,,,,,,,,,,,,,,,,,,,,,,,,,,,,,,,,,,,,,,,,,,,,,,,,,,,,,,,,,,,,,,,,,,,,,,,,,,
AMZN,bi,2097,4528,1,1,1.3726851145426433,1,ht_phasor,2019-03-22,01/01/2000,01/01/2018,01/01/2019,AMZN_bi_nlag1_nseq1_e2097_b4528_n1_ind1_train01-01-2000_trainendteststart01-01-2018_testend01-01-2019,0.5219123505976095,0.016097718317606917,36.65605654491453,,,,,,,,,,,,,,,,,,,,,,,,,,,,,,,,,,,,,,,,,,,,,,,,,,,,,,,,,,,,,,,,,,,,,,,,,,,,,,,,,,,,,,,
AMZN,bi,2097,4528,1,1,1.4785573124885558,1,ht_sine,2019-03-22,01/01/2000,01/01/2018,01/01/2019,AMZN_bi_nlag1_nseq1_e2097_b4528_n1_ind1_train01-01-2000_trainendteststart01-01-2018_testend01-01-2019,0.5776892430278885,0.016064339910009575,36.63337060538154,,,,,,,,,,,,,,,,,,,,,,,,,,,,,,,,,,,,,,,,,,,,,,,,,,,,,,,,,,,,,,,,,,,,,,,,,,,,,,,,,,,,,,,
AMZN,bi,2097,4528,1,1,1.5296515266100565,1,ht_trendline,2019-03-22,01/01/2000,01/01/2018,01/01/2019,AMZN_bi_nlag1_nseq1_e2097_b4528_n1_ind1_train01-01-2000_trainendteststart01-01-2018_testend01-01-2019,0.5776892430278885,0.01613193558081815,36.67473392951736,,,,,,,,,,,,,,,,,,,,,,,,,,,,,,,,,,,,,,,,,,,,,,,,,,,,,,,,,,,,,,,,,,,,,,,,,,,,,,,,,,,,,,,
AMZN,bi,2097,4528,1,1,1.5294609586397807,1,ht_trendmode,2019-03-22,01/01/2000,01/01/2018,01/01/2019,AMZN_bi_nlag1_nseq1_e2097_b4528_n1_ind1_train01-01-2000_trainendteststart01-01-2018_testend01-01-2019,0.5776892430278885,0.01606595599112385,36.6355188754242,,,,,,,,,,,,,,,,,,,,,,,,,,,,,,,,,,,,,,,,,,,,,,,,,,,,,,,,,,,,,,,,,,,,,,,,,,,,,,,,,,,,,,,
AMZN,bi,2097,4528,1,1,1.5302215417226155,1,kama,2019-03-22,01/01/2000,01/01/2018,01/01/2019,AMZN_bi_nlag1_nseq1_e2097_b4528_n1_ind1_train01-01-2000_trainendteststart01-01-2018_testend01-01-2019,0.5776892430278885,0.016054142781889363,36.582646569714186,,,,,,,,,,,,,,,,,,,,,,,,,,,,,,,,,,,,,,,,,,,,,,,,,,,,,,,,,,,,,,,,,,,,,,,,,,,,,,,,,,,,,,,
AMZN,bi,2097,4528,1,1,1.523921779791514,1,macd,2019-03-22,01/01/2000,01/01/2018,01/01/2019,AMZN_bi_nlag1_nseq1_e2097_b4528_n1_ind1_train01-01-2000_trainendteststart01-01-2018_testend01-01-2019,0.43824701195219123,0.01643182714438359,36.75087338719528,,,,,,,,,,,,,,,,,,,,,,,,,,,,,,,,,,,,,,,,,,,,,,,,,,,,,,,,,,,,,,,,,,,,,,,,,,,,,,,,,,,,,,,
AMZN,bi,2097,4528,1,1,1.4516023596127827,1,macdext,2019-03-22,01/01/2000,01/01/2018,01/01/2019,AMZN_bi_nlag1_nseq1_e2097_b4528_n1_ind1_train01-01-2000_trainendteststart01-01-2018_testend01-01-2019,0.5776892430278885,0.01605850762246281,36.62584222017249,,,,,,,,,,,,,,,,,,,,,,,,,,,,,,,,,,,,,,,,,,,,,,,,,,,,,,,,,,,,,,,,,,,,,,,,,,,,,,,,,,,,,,,
AMZN,bi,2097,4528,1,1,1.4617264986038208,1,mama,2019-03-22,01/01/2000,01/01/2018,01/01/2019,AMZN_bi_nlag1_nseq1_e2097_b4528_n1_ind1_train01-01-2000_trainendteststart01-01-2018_testend01-01-2019,0.5776892430278885,0.016047697155590235,36.63068764236898,,,,,,,,,,,,,,,,,,,,,,,,,,,,,,,,,,,,,,,,,,,,,,,,,,,,,,,,,,,,,,,,,,,,,,,,,,,,,,,,,,,,,,,
AMZN,bi,2097,4528,1,1,1.544775704542796,1,mfi,2019-03-22,01/01/2000,01/01/2018,01/01/2019,AMZN_bi_nlag1_nseq1_e2097_b4528_n1_ind1_train01-01-2000_trainendteststart01-01-2018_testend01-01-2019,0.5776892430278885,0.01605902056534846,36.64274489592577,,,,,,,,,,,,,,,,,,,,,,,,,,,,,,,,,,,,,,,,,,,,,,,,,,,,,,,,,,,,,,,,,,,,,,,,,,,,,,,,,,,,,,,
AMZN,bi,2097,4528,1,1,1.4775406916936238,1,midpoint,2019-03-22,01/01/2000,01/01/2018,01/01/2019,AMZN_bi_nlag1_nseq1_e2097_b4528_n1_ind1_train01-01-2000_trainendteststart01-01-2018_testend01-01-2019,0.5776892430278885,0.016050909676925,36.63954606316896,,,,,,,,,,,,,,,,,,,,,,,,,,,,,,,,,,,,,,,,,,,,,,,,,,,,,,,,,,,,,,,,,,,,,,,,,,,,,,,,,,,,,,,
AMZN,bi,2097,4528,1,1,1.5959289948145547,1,midprice,2019-03-22,01/01/2000,01/01/2018,01/01/2019,AMZN_bi_nlag1_nseq1_e2097_b4528_n1_ind1_train01-01-2000_trainendteststart01-01-2018_testend01-01-2019,0.5617529880478087,0.016067819185093927,36.75139298942735,,,,,,,,,,,,,,,,,,,,,,,,,,,,,,,,,,,,,,,,,,,,,,,,,,,,,,,,,,,,,,,,,,,,,,,,,,,,,,,,,,,,,,,
AMZN,bi,2097,4528,1,1,1.57179084221522,1,minus_di,2019-03-22,01/01/2000,01/01/2018,01/01/2019,AMZN_bi_nlag1_nseq1_e2097_b4528_n1_ind1_train01-01-2000_trainendteststart01-01-2018_testend01-01-2019,0.5776892430278885,0.016071543917625948,36.644386151572895,,,,,,,,,,,,,,,,,,,,,,,,,,,,,,,,,,,,,,,,,,,,,,,,,,,,,,,,,,,,,,,,,,,,,,,,,,,,,,,,,,,,,,,
AMZN,bi,2097,4528,1,1,1.66043625275294,1,minus_dm,2019-03-22,01/01/2000,01/01/2018,01/01/2019,AMZN_bi_nlag1_nseq1_e2097_b4528_n1_ind1_train01-01-2000_trainendteststart01-01-2018_testend01-01-2019,0.41434262948207173,0.016204496066076126,36.73041941429798,,,,,,,,,,,,,,,,,,,,,,,,,,,,,,,,,,,,,,,,,,,,,,,,,,,,,,,,,,,,,,,,,,,,,,,,,,,,,,,,,,,,,,,
AMZN,bi,2097,4528,1,1,1.5448789715766906,1,mom,2019-03-22,01/01/2000,01/01/2018,01/01/2019,AMZN_bi_nlag1_nseq1_e2097_b4528_n1_ind1_train01-01-2000_trainendteststart01-01-2018_testend01-01-2019,0.46215139442231074,0.016102208959676793,36.6444743919893,,,,,,,,,,,,,,,,,,,,,,,,,,,,,,,,,,,,,,,,,,,,,,,,,,,,,,,,,,,,,,,,,,,,,,,,,,,,,,,,,,,,,,,
AMZN,bi,2097,4528,1,1,1.5590688029925028,1,natr,2019-03-22,01/01/2000,01/01/2018,01/01/2019,AMZN_bi_nlag1_nseq1_e2097_b4528_n1_ind1_train01-01-2000_trainendteststart01-01-2018_testend01-01-2019,0.5816733067729084,0.016056604865155862,36.63145237676732,,,,,,,,,,,,,,,,,,,,,,,,,,,,,,,,,,,,,,,,,,,,,,,,,,,,,,,,,,,,,,,,,,,,,,,,,,,,,,,,,,,,,,,
AMZN,bi,2097,4528,1,1,1.5790103435516358,1,obv,2019-03-22,01/01/2000,01/01/2018,01/01/2019,AMZN_bi_nlag1_nseq1_e2097_b4528_n1_ind1_train01-01-2000_trainendteststart01-01-2018_testend01-01-2019,0.5776892430278885,0.016056692636683818,36.631505533775545,,,,,,,,,,,,,,,,,,,,,,,,,,,,,,,,,,,,,,,,,,,,,,,,,,,,,,,,,,,,,,,,,,,,,,,,,,,,,,,,,,,,,,,
AMZN,bi,2097,4528,1,1,1.584333634376526,1,plus_di,2019-03-22,01/01/2000,01/01/2018,01/01/2019,AMZN_bi_nlag1_nseq1_e2097_b4528_n1_ind1_train01-01-2000_trainendteststart01-01-2018_testend01-01-2019,0.5776892430278885,0.016095207424846568,36.658754822265934,,,,,,,,,,,,,,,,,,,,,,,,,,,,,,,,,,,,,,,,,,,,,,,,,,,,,,,,,,,,,,,,,,,,,,,,,,,,,,,,,,,,,,,
AMZN,bi,2097,4528,1,1,1.7205784956614176,1,plus_dm,2019-03-22,01/01/2000,01/01/2018,01/01/2019,AMZN_bi_nlag1_nseq1_e2097_b4528_n1_ind1_train01-01-2000_trainendteststart01-01-2018_testend01-01-2019,0.5577689243027888,0.016073871639098163,36.6069605697633,,,,,,,,,,,,,,,,,,,,,,,,,,,,,,,,,,,,,,,,,,,,,,,,,,,,,,,,,,,,,,,,,,,,,,,,,,,,,,,,,,,,,,,
AMZN,bi,2097,4528,1,1,1.6161733984947204,1,ppo,2019-03-22,01/01/2000,01/01/2018,01/01/2019,AMZN_bi_nlag1_nseq1_e2097_b4528_n1_ind1_train01-01-2000_trainendteststart01-01-2018_testend01-01-2019,0.41832669322709165,0.01612157505367967,36.651621366586745,,,,,,,,,,,,,,,,,,,,,,,,,,,,,,,,,,,,,,,,,,,,,,,,,,,,,,,,,,,,,,,,,,,,,,,,,,,,,,,,,,,,,,,
AMZN,bi,2097,4528,1,1,1.684369957447052,1,roc,2019-03-22,01/01/2000,01/01/2018,01/01/2019,AMZN_bi_nlag1_nseq1_e2097_b4528_n1_ind1_train01-01-2000_trainendteststart01-01-2018_testend01-01-2019,0.41832669322709165,0.016143249101661112,36.66176077256194,,,,,,,,,,,,,,,,,,,,,,,,,,,,,,,,,,,,,,,,,,,,,,,,,,,,,,,,,,,,,,,,,,,,,,,,,,,,,,,,,,,,,,,
AMZN,bi,2097,4528,1,1,1.773284125328064,1,rocr,2019-03-22,01/01/2000,01/01/2018,01/01/2019,AMZN_bi_nlag1_nseq1_e2097_b4528_n1_ind1_train01-01-2000_trainendteststart01-01-2018_testend01-01-2019,0.5776892430278885,0.01599852095680318,36.630670435267554,,,,,,,,,,,,,,,,,,,,,,,,,,,,,,,,,,,,,,,,,,,,,,,,,,,,,,,,,,,,,,,,,,,,,,,,,,,,,,,,,,,,,,,
AMZN,bi,2097,4528,1,1,1.7537950038909913,1,rsi,2019-03-22,01/01/2000,01/01/2018,01/01/2019,AMZN_bi_nlag1_nseq1_e2097_b4528_n1_ind1_train01-01-2000_trainendteststart01-01-2018_testend01-01-2019,0.5737051792828686,0.016070493421786854,36.633212247442955,,,,,,,,,,,,,,,,,,,,,,,,,,,,,,,,,,,,,,,,,,,,,,,,,,,,,,,,,,,,,,,,,,,,,,,,,,,,,,,,,,,,,,,
AMZN,bi,2097,4528,1,1,1.6988359212875366,1,sar,2019-03-22,01/01/2000,01/01/2018,01/01/2019,AMZN_bi_nlag1_nseq1_e2097_b4528_n1_ind1_train01-01-2000_trainendteststart01-01-2018_testend01-01-2019,0.41832669322709165,0.016254468152084076,36.69218544525164,,,,,,,,,,,,,,,,,,,,,,,,,,,,,,,,,,,,,,,,,,,,,,,,,,,,,,,,,,,,,,,,,,,,,,,,,,,,,,,,,,,,,,,
AMZN,bi,2097,4528,1,1,1.7538345535596211,1,sma,2019-03-22,01/01/2000,01/01/2018,01/01/2019,AMZN_bi_nlag1_nseq1_e2097_b4528_n1_ind1_train01-01-2000_trainendteststart01-01-2018_testend01-01-2019,0.5776892430278885,0.01606955067333764,36.637004355075106,,,,,,,,,,,,,,,,,,,,,,,,,,,,,,,,,,,,,,,,,,,,,,,,,,,,,,,,,,,,,,,,,,,,,,,,,,,,,,,,,,,,,,,
AMZN,bi,2097,4528,1,1,1.7118115822474163,1,stoch,2019-03-22,01/01/2000,01/01/2018,01/01/2019,AMZN_bi_nlag1_nseq1_e2097_b4528_n1_ind1_train01-01-2000_trainendteststart01-01-2018_testend01-01-2019,0.5856573705179283,0.016091714523485547,36.64232150116003,,,,,,,,,,,,,,,,,,,,,,,,,,,,,,,,,,,,,,,,,,,,,,,,,,,,,,,,,,,,,,,,,,,,,,,,,,,,,,,,,,,,,,,
AMZN,bi,2097,4528,1,1,1.7282443682352702,1,stochf,2019-03-22,01/01/2000,01/01/2018,01/01/2019,AMZN_bi_nlag1_nseq1_e2097_b4528_n1_ind1_train01-01-2000_trainendteststart01-01-2018_testend01-01-2019,0.41832669322709165,0.016154881250941777,36.66046672000553,,,,,,,,,,,,,,,,,,,,,,,,,,,,,,,,,,,,,,,,,,,,,,,,,,,,,,,,,,,,,,,,,,,,,,,,,,,,,,,,,,,,,,,
AMZN,bi,2097,4528,1,1,1.790981654326121,1,stochrsi,2019-03-22,01/01/2000,01/01/2018,01/01/2019,AMZN_bi_nlag1_nseq1_e2097_b4528_n1_ind1_train01-01-2000_trainendteststart01-01-2018_testend01-01-2019,0.43824701195219123,0.016136611843278505,36.659242060412836,,,,,,,,,,,,,,,,,,,,,,,,,,,,,,,,,,,,,,,,,,,,,,,,,,,,,,,,,,,,,,,,,,,,,,,,,,,,,,,,,,,,,,,
AMZN,bi,2097,4528,1,1,1.758396025498708,1,t3,2019-03-22,01/01/2000,01/01/2018,01/01/2019,AMZN_bi_nlag1_nseq1_e2097_b4528_n1_ind1_train01-01-2000_trainendteststart01-01-2018_testend01-01-2019,0.5776892430278885,0.016080335510108373,36.64070971187235,,,,,,,,,,,,,,,,,,,,,,,,,,,,,,,,,,,,,,,,,,,,,,,,,,,,,,,,,,,,,,,,,,,,,,,,,,,,,,,,,,,,,,,
AMZN,bi,2097,4528,1,1,1.816353189945221,1,tema,2019-03-22,01/01/2000,01/01/2018,01/01/2019,AMZN_bi_nlag1_nseq1_e2097_b4528_n1_ind1_train01-01-2000_trainendteststart01-01-2018_testend01-01-2019,0.5776892430278885,0.016049474955844942,36.62818804754158,,,,,,,,,,,,,,,,,,,,,,,,,,,,,,,,,,,,,,,,,,,,,,,,,,,,,,,,,,,,,,,,,,,,,,,,,,,,,,,,,,,,,,,
AMZN,bi,2097,4528,1,1,1.7608189781506856,1,trange,2019-03-22,01/01/2000,01/01/2018,01/01/2019,AMZN_bi_nlag1_nseq1_e2097_b4528_n1_ind1_train01-01-2000_trainendteststart01-01-2018_testend01-01-2019,0.5776892430278885,0.016054811454087842,36.633407194625704,,,,,,,,,,,,,,,,,,,,,,,,,,,,,,,,,,,,,,,,,,,,,,,,,,,,,,,,,,,,,,,,,,,,,,,,,,,,,,,,,,,,,,,
AMZN,bi,2097,4528,1,1,1.7778126835823058,1,trima,2019-03-22,01/01/2000,01/01/2018,01/01/2019,AMZN_bi_nlag1_nseq1_e2097_b4528_n1_ind1_train01-01-2000_trainendteststart01-01-2018_testend01-01-2019,0.5776892430278885,0.016079808911364533,36.64229370695068,,,,,,,,,,,,,,,,,,,,,,,,,,,,,,,,,,,,,,,,,,,,,,,,,,,,,,,,,,,,,,,,,,,,,,,,,,,,,,,,,,,,,,,
AMZN,bi,2097,4528,1,1,1.8266817887624105,1,trix,2019-03-22,01/01/2000,01/01/2018,01/01/2019,AMZN_bi_nlag1_nseq1_e2097_b4528_n1_ind1_train01-01-2000_trainendteststart01-01-2018_testend01-01-2019,0.5776892430278885,0.016047832473512075,36.63686040750646,,,,,,,,,,,,,,,,,,,,,,,,,,,,,,,,,,,,,,,,,,,,,,,,,,,,,,,,,,,,,,,,,,,,,,,,,,,,,,,,,,,,,,,
AMZN,bi,2097,4528,1,1,1.8223432938257853,1,ultsoc,2019-03-22,01/01/2000,01/01/2018,01/01/2019,AMZN_bi_nlag1_nseq1_e2097_b4528_n1_ind1_train01-01-2000_trainendteststart01-01-2018_testend01-01-2019,0.5776892430278885,0.016062128860879737,36.63144109022415,,,,,,,,,,,,,,,,,,,,,,,,,,,,,,,,,,,,,,,,,,,,,,,,,,,,,,,,,,,,,,,,,,,,,,,,,,,,,,,,,,,,,,,
AMZN,bi,2097,4528,1,1,1.829989751180013,1,willr,2019-03-22,01/01/2000,01/01/2018,01/01/2019,AMZN_bi_nlag1_nseq1_e2097_b4528_n1_ind1_train01-01-2000_trainendteststart01-01-2018_testend01-01-2019,0.5776892430278885,0.01606327493913125,36.62866547961699,,,,,,,,,,,,,,,,,,,,,,,,,,,,,,,,,,,,,,,,,,,,,,,,,,,,,,,,,,,,,,,,,,,,,,,,,,,,,,,,,,,,,,,
AMZN,bi,2097,4528,1,1,1.8289002060890198,1,wma,2019-03-22,01/01/2000,01/01/2018,01/01/2019,AMZN_bi_nlag1_nseq1_e2097_b4528_n1_ind1_train01-01-2000_trainendteststart01-01-2018_testend01-01-2019,0.50199203187251,0.016111505310908988,36.65464466436167,,,,,,,,,,,,,,,,,,,,,,,,,,,,,,,,,,,,,,,,,,,,,,,,,,,,,,,,,,,,,,,,,,,,,,,,,,,,,,,,,,,,,,,
AMZN,vanilla,3238,4528,3,1,0.517788024743398,1,price,2019-03-22,01/01/2000,01/01/2018,01/01/2019,AMZN_vanilla_nlag3_nseq1_e3238_b4528_n1_ind1_train01-01-2000_trainendteststart01-01-2018_testend01-01-2019,0.47410358565737054,0.0162891239208021,37.18036337960238,,,,,,,,,,,,,,,,,,,,,,,,,,,,,,,,,,,,,,,,,,,,,,,,,,,,,,,,,,,,,,,,,,,,,,,,,,,,,,,,,,,,,,,
AMZN,vanilla,3238,4528,3,1,0.48490777413050334,1,ad,2019-03-22,01/01/2000,01/01/2018,01/01/2019,AMZN_vanilla_nlag3_nseq1_e3238_b4528_n1_ind1_train01-01-2000_trainendteststart01-01-2018_testend01-01-2019,0.6055776892430279,0.01607973936320308,36.61511263524351,,,,,,,,,,,,,,,,,,,,,,,,,,,,,,,,,,,,,,,,,,,,,,,,,,,,,,,,,,,,,,,,,,,,,,,,,,,,,,,,,,,,,,,
AMZN,vanilla,3238,4528,3,1,0.5044946750005086,1,adosc,2019-03-22,01/01/2000,01/01/2018,01/01/2019,AMZN_vanilla_nlag3_nseq1_e3238_b4528_n1_ind1_train01-01-2000_trainendteststart01-01-2018_testend01-01-2019,0.5737051792828686,0.01608979004227557,36.63889185948153,,,,,,,,,,,,,,,,,,,,,,,,,,,,,,,,,,,,,,,,,,,,,,,,,,,,,,,,,,,,,,,,,,,,,,,,,,,,,,,,,,,,,,,
AMZN,vanilla,3238,4528,3,1,0.5099792083104452,1,adx,2019-03-22,01/01/2000,01/01/2018,01/01/2019,AMZN_vanilla_nlag3_nseq1_e3238_b4528_n1_ind1_train01-01-2000_trainendteststart01-01-2018_testend01-01-2019,0.5776892430278885,0.01607520703313116,36.646151039770274,,,,,,,,,,,,,,,,,,,,,,,,,,,,,,,,,,,,,,,,,,,,,,,,,,,,,,,,,,,,,,,,,,,,,,,,,,,,,,,,,,,,,,,
AMZN,vanilla,3238,4528,3,1,0.5215023875236511,1,adxr,2019-03-22,01/01/2000,01/01/2018,01/01/2019,AMZN_vanilla_nlag3_nseq1_e3238_b4528_n1_ind1_train01-01-2000_trainendteststart01-01-2018_testend01-01-2019,0.5816733067729084,0.016087166540168184,36.64921367406772,,,,,,,,,,,,,,,,,,,,,,,,,,,,,,,,,,,,,,,,,,,,,,,,,,,,,,,,,,,,,,,,,,,,,,,,,,,,,,,,,,,,,,,
AMZN,vanilla,3238,4528,3,1,0.5238526860872904,1,apo,2019-03-22,01/01/2000,01/01/2018,01/01/2019,AMZN_vanilla_nlag3_nseq1_e3238_b4528_n1_ind1_train01-01-2000_trainendteststart01-01-2018_testend01-01-2019,0.5139442231075697,0.016093687082603503,36.635286156621646,,,,,,,,,,,,,,,,,,,,,,,,,,,,,,,,,,,,,,,,,,,,,,,,,,,,,,,,,,,,,,,,,,,,,,,,,,,,,,,,,,,,,,,
AMZN,vanilla,3238,4528,3,1,0.5507464130719503,1,aroon,2019-03-22,01/01/2000,01/01/2018,01/01/2019,AMZN_vanilla_nlag3_nseq1_e3238_b4528_n1_ind1_train01-01-2000_trainendteststart01-01-2018_testend01-01-2019,0.5776892430278885,0.01602170429966986,36.57902889011972,,,,,,,,,,,,,,,,,,,,,,,,,,,,,,,,,,,,,,,,,,,,,,,,,,,,,,,,,,,,,,,,,,,,,,,,,,,,,,,,,,,,,,,
AMZN,vanilla,3238,4528,3,1,0.5533506830533346,1,aroonosc,2019-03-22,01/01/2000,01/01/2018,01/01/2019,AMZN_vanilla_nlag3_nseq1_e3238_b4528_n1_ind1_train01-01-2000_trainendteststart01-01-2018_testend01-01-2019,0.5139442231075697,0.016115376444812566,36.661406028083285,,,,,,,,,,,,,,,,,,,,,,,,,,,,,,,,,,,,,,,,,,,,,,,,,,,,,,,,,,,,,,,,,,,,,,,,,,,,,,,,,,,,,,,
AMZN,vanilla,3238,4528,3,1,0.5578661680221557,1,bbands,2019-03-22,01/01/2000,01/01/2018,01/01/2019,AMZN_vanilla_nlag3_nseq1_e3238_b4528_n1_ind1_train01-01-2000_trainendteststart01-01-2018_testend01-01-2019,0.4541832669322709,0.016308357030154978,36.75900490797823,,,,,,,,,,,,,,,,,,,,,,,,,,,,,,,,,,,,,,,,,,,,,,,,,,,,,,,,,,,,,,,,,,,,,,,,,,,,,,,,,,,,,,,
AMZN,vanilla,3238,4528,3,1,0.5536574045817058,1,bop,2019-03-22,01/01/2000,01/01/2018,01/01/2019,AMZN_vanilla_nlag3_nseq1_e3238_b4528_n1_ind1_train01-01-2000_trainendteststart01-01-2018_testend01-01-2019,0.5378486055776892,0.01611579324744554,36.65058703085316,,,,,,,,,,,,,,,,,,,,,,,,,,,,,,,,,,,,,,,,,,,,,,,,,,,,,,,,,,,,,,,,,,,,,,,,,,,,,,,,,,,,,,,
AMZN,vanilla,3238,4528,3,1,0.5676720102628072,1,cci,2019-03-22,01/01/2000,01/01/2018,01/01/2019,AMZN_vanilla_nlag3_nseq1_e3238_b4528_n1_ind1_train01-01-2000_trainendteststart01-01-2018_testend01-01-2019,0.5139442231075697,0.01611201176816306,36.651259993916824,,,,,,,,,,,,,,,,,,,,,,,,,,,,,,,,,,,,,,,,,,,,,,,,,,,,,,,,,,,,,,,,,,,,,,,,,,,,,,,,,,,,,,,
AMZN,vanilla,3238,4528,3,1,0.5784992059071858,1,cmo,2019-03-22,01/01/2000,01/01/2018,01/01/2019,AMZN_vanilla_nlag3_nseq1_e3238_b4528_n1_ind1_train01-01-2000_trainendteststart01-01-2018_testend01-01-2019,0.5776892430278885,0.016020792003025617,36.62675579399295,,,,,,,,,,,,,,,,,,,,,,,,,,,,,,,,,,,,,,,,,,,,,,,,,,,,,,,,,,,,,,,,,,,,,,,,,,,,,,,,,,,,,,,
AMZN,vanilla,3238,4528,3,1,0.5881476322809855,1,dema,2019-03-22,01/01/2000,01/01/2018,01/01/2019,AMZN_vanilla_nlag3_nseq1_e3238_b4528_n1_ind1_train01-01-2000_trainendteststart01-01-2018_testend01-01-2019,0.5737051792828686,0.016065124936176383,36.64390464138443,,,,,,,,,,,,,,,,,,,,,,,,,,,,,,,,,,,,,,,,,,,,,,,,,,,,,,,,,,,,,,,,,,,,,,,,,,,,,,,,,,,,,,,
AMZN,vanilla,3238,4528,3,1,0.5865125894546509,1,dx,2019-03-22,01/01/2000,01/01/2018,01/01/2019,AMZN_vanilla_nlag3_nseq1_e3238_b4528_n1_ind1_train01-01-2000_trainendteststart01-01-2018_testend01-01-2019,0.5737051792828686,0.01598155579665725,36.579833970478234,,,,,,,,,,,,,,,,,,,,,,,,,,,,,,,,,,,,,,,,,,,,,,,,,,,,,,,,,,,,,,,,,,,,,,,,,,,,,,,,,,,,,,,
AMZN,vanilla,3238,4528,3,1,0.599303150177002,1,ema,2019-03-22,01/01/2000,01/01/2018,01/01/2019,AMZN_vanilla_nlag3_nseq1_e3238_b4528_n1_ind1_train01-01-2000_trainendteststart01-01-2018_testend01-01-2019,0.5577689243027888,0.016099033329826887,36.65611617190521,,,,,,,,,,,,,,,,,,,,,,,,,,,,,,,,,,,,,,,,,,,,,,,,,,,,,,,,,,,,,,,,,,,,,,,,,,,,,,,,,,,,,,,
AMZN,vanilla,3238,4528,3,1,0.6002605756123861,1,ht_dcperiod,2019-03-22,01/01/2000,01/01/2018,01/01/2019,AMZN_vanilla_nlag3_nseq1_e3238_b4528_n1_ind1_train01-01-2000_trainendteststart01-01-2018_testend01-01-2019,0.5657370517928287,0.01608107623233987,36.639243301561486,,,,,,,,,,,,,,,,,,,,,,,,,,,,,,,,,,,,,,,,,,,,,,,,,,,,,,,,,,,,,,,,,,,,,,,,,,,,,,,,,,,,,,,
AMZN,vanilla,3238,4528,3,1,0.6127459764480591,1,ht_dcphase,2019-03-22,01/01/2000,01/01/2018,01/01/2019,AMZN_vanilla_nlag3_nseq1_e3238_b4528_n1_ind1_train01-01-2000_trainendteststart01-01-2018_testend01-01-2019,0.5577689243027888,0.01608075024676398,36.62773416316624,,,,,,,,,,,,,,,,,,,,,,,,,,,,,,,,,,,,,,,,,,,,,,,,,,,,,,,,,,,,,,,,,,,,,,,,,,,,,,,,,,,,,,,
AMZN,vanilla,3238,4528,3,1,0.6378653486569722,1,ht_phasor,2019-03-22,01/01/2000,01/01/2018,01/01/2019,AMZN_vanilla_nlag3_nseq1_e3238_b4528_n1_ind1_train01-01-2000_trainendteststart01-01-2018_testend01-01-2019,0.5577689243027888,0.01606353480136305,36.72106741409084,,,,,,,,,,,,,,,,,,,,,,,,,,,,,,,,,,,,,,,,,,,,,,,,,,,,,,,,,,,,,,,,,,,,,,,,,,,,,,,,,,,,,,,
AMZN,vanilla,3238,4528,3,1,0.6254688421885173,1,ht_sine,2019-03-22,01/01/2000,01/01/2018,01/01/2019,AMZN_vanilla_nlag3_nseq1_e3238_b4528_n1_ind1_train01-01-2000_trainendteststart01-01-2018_testend01-01-2019,0.5657370517928287,0.016096997272829035,36.654961698733665,,,,,,,,,,,,,,,,,,,,,,,,,,,,,,,,,,,,,,,,,,,,,,,,,,,,,,,,,,,,,,,,,,,,,,,,,,,,,,,,,,,,,,,
AMZN,vanilla,3238,4528,3,1,0.6483701785405477,1,ht_trendline,2019-03-22,01/01/2000,01/01/2018,01/01/2019,AMZN_vanilla_nlag3_nseq1_e3238_b4528_n1_ind1_train01-01-2000_trainendteststart01-01-2018_testend01-01-2019,0.4063745019920319,0.016232966540013886,36.723842470333466,,,,,,,,,,,,,,,,,,,,,,,,,,,,,,,,,,,,,,,,,,,,,,,,,,,,,,,,,,,,,,,,,,,,,,,,,,,,,,,,,,,,,,,
AMZN,vanilla,3238,4528,3,1,0.6500929037729899,1,ht_trendmode,2019-03-22,01/01/2000,01/01/2018,01/01/2019,AMZN_vanilla_nlag3_nseq1_e3238_b4528_n1_ind1_train01-01-2000_trainendteststart01-01-2018_testend01-01-2019,0.5816733067729084,0.016114458882596647,36.68889255403754,,,,,,,,,,,,,,,,,,,,,,,,,,,,,,,,,,,,,,,,,,,,,,,,,,,,,,,,,,,,,,,,,,,,,,,,,,,,,,,,,,,,,,,
AMZN,vanilla,3238,4528,3,1,0.6603130181630452,1,kama,2019-03-22,01/01/2000,01/01/2018,01/01/2019,AMZN_vanilla_nlag3_nseq1_e3238_b4528_n1_ind1_train01-01-2000_trainendteststart01-01-2018_testend01-01-2019,0.5896414342629482,0.01631846395168712,37.267554956739005,,,,,,,,,,,,,,,,,,,,,,,,,,,,,,,,,,,,,,,,,,,,,,,,,,,,,,,,,,,,,,,,,,,,,,,,,,,,,,,,,,,,,,,
AMZN,vanilla,3238,4528,3,1,0.6624608596165975,1,macd,2019-03-22,01/01/2000,01/01/2018,01/01/2019,AMZN_vanilla_nlag3_nseq1_e3238_b4528_n1_ind1_train01-01-2000_trainendteststart01-01-2018_testend01-01-2019,0.5577689243027888,0.016105581700361513,36.70544516363737,,,,,,,,,,,,,,,,,,,,,,,,,,,,,,,,,,,,,,,,,,,,,,,,,,,,,,,,,,,,,,,,,,,,,,,,,,,,,,,,,,,,,,,
AMZN,vanilla,3238,4528,3,1,0.6753489414850871,1,macdext,2019-03-22,01/01/2000,01/01/2018,01/01/2019,AMZN_vanilla_nlag3_nseq1_e3238_b4528_n1_ind1_train01-01-2000_trainendteststart01-01-2018_testend01-01-2019,0.5179282868525896,0.01608065309359137,36.63431657210153,,,,,,,,,,,,,,,,,,,,,,,,,,,,,,,,,,,,,,,,,,,,,,,,,,,,,,,,,,,,,,,,,,,,,,,,,,,,,,,,,,,,,,,
AMZN,vanilla,3238,4528,3,1,0.6892370661099751,1,mama,2019-03-22,01/01/2000,01/01/2018,01/01/2019,AMZN_vanilla_nlag3_nseq1_e3238_b4528_n1_ind1_train01-01-2000_trainendteststart01-01-2018_testend01-01-2019,0.5776892430278885,0.016079015165259954,36.63901562470417,,,,,,,,,,,,,,,,,,,,,,,,,,,,,,,,,,,,,,,,,,,,,,,,,,,,,,,,,,,,,,,,,,,,,,,,,,,,,,,,,,,,,,,
AMZN,vanilla,3238,4528,3,1,0.7043140610059102,1,mfi,2019-03-22,01/01/2000,01/01/2018,01/01/2019,AMZN_vanilla_nlag3_nseq1_e3238_b4528_n1_ind1_train01-01-2000_trainendteststart01-01-2018_testend01-01-2019,0.5219123505976095,0.01610363429588016,36.6445058905919,,,,,,,,,,,,,,,,,,,,,,,,,,,,,,,,,,,,,,,,,,,,,,,,,,,,,,,,,,,,,,,,,,,,,,,,,,,,,,,,,,,,,,,
AMZN,vanilla,3238,4528,3,1,0.7111683924992879,1,midpoint,2019-03-22,01/01/2000,01/01/2018,01/01/2019,AMZN_vanilla_nlag3_nseq1_e3238_b4528_n1_ind1_train01-01-2000_trainendteststart01-01-2018_testend01-01-2019,0.5577689243027888,0.016184107128310695,36.760825645273236,,,,,,,,,,,,,,,,,,,,,,,,,,,,,,,,,,,,,,,,,,,,,,,,,,,,,,,,,,,,,,,,,,,,,,,,,,,,,,,,,,,,,,,
AMZN,vanilla,3238,4528,3,1,0.7124371409416199,1,midprice,2019-03-22,01/01/2000,01/01/2018,01/01/2019,AMZN_vanilla_nlag3_nseq1_e3238_b4528_n1_ind1_train01-01-2000_trainendteststart01-01-2018_testend01-01-2019,0.5697211155378487,0.016051737634437204,36.79668205205671,,,,,,,,,,,,,,,,,,,,,,,,,,,,,,,,,,,,,,,,,,,,,,,,,,,,,,,,,,,,,,,,,,,,,,,,,,,,,,,,,,,,,,,
AMZN,vanilla,3238,4528,3,1,0.7076789538065592,1,minus_di,2019-03-22,01/01/2000,01/01/2018,01/01/2019,AMZN_vanilla_nlag3_nseq1_e3238_b4528_n1_ind1_train01-01-2000_trainendteststart01-01-2018_testend01-01-2019,0.5776892430278885,0.01605409179918074,36.63208742738812,,,,,,,,,,,,,,,,,,,,,,,,,,,,,,,,,,,,,,,,,,,,,,,,,,,,,,,,,,,,,,,,,,,,,,,,,,,,,,,,,,,,,,,
AMZN,vanilla,3238,4528,3,1,0.7302683393160502,1,minus_dm,2019-03-22,01/01/2000,01/01/2018,01/01/2019,AMZN_vanilla_nlag3_nseq1_e3238_b4528_n1_ind1_train01-01-2000_trainendteststart01-01-2018_testend01-01-2019,0.5776892430278885,0.016046743556567433,36.79486141130627,,,,,,,,,,,,,,,,,,,,,,,,,,,,,,,,,,,,,,,,,,,,,,,,,,,,,,,,,,,,,,,,,,,,,,,,,,,,,,,,,,,,,,,
AMZN,vanilla,3238,4528,3,1,0.731021781762441,1,mom,2019-03-22,01/01/2000,01/01/2018,01/01/2019,AMZN_vanilla_nlag3_nseq1_e3238_b4528_n1_ind1_train01-01-2000_trainendteststart01-01-2018_testend01-01-2019,0.4342629482071713,0.0167120505168452,37.191385251943956,,,,,,,,,,,,,,,,,,,,,,,,,,,,,,,,,,,,,,,,,,,,,,,,,,,,,,,,,,,,,,,,,,,,,,,,,,,,,,,,,,,,,,,
AMZN,vanilla,3238,4528,3,1,0.7396070082982381,1,natr,2019-03-22,01/01/2000,01/01/2018,01/01/2019,AMZN_vanilla_nlag3_nseq1_e3238_b4528_n1_ind1_train01-01-2000_trainendteststart01-01-2018_testend01-01-2019,0.5776892430278885,0.016030613110139567,36.62739135424023,,,,,,,,,,,,,,,,,,,,,,,,,,,,,,,,,,,,,,,,,,,,,,,,,,,,,,,,,,,,,,,,,,,,,,,,,,,,,,,,,,,,,,,
AMZN,vanilla,3238,4528,3,1,0.7555767178535462,1,obv,2019-03-22,01/01/2000,01/01/2018,01/01/2019,AMZN_vanilla_nlag3_nseq1_e3238_b4528_n1_ind1_train01-01-2000_trainendteststart01-01-2018_testend01-01-2019,0.5697211155378487,0.015992736137568752,36.58517758416646,,,,,,,,,,,,,,,,,,,,,,,,,,,,,,,,,,,,,,,,,,,,,,,,,,,,,,,,,,,,,,,,,,,,,,,,,,,,,,,,,,,,,,,
AMZN,vanilla,3238,4528,3,1,0.7649896701176961,1,plus_di,2019-03-22,01/01/2000,01/01/2018,01/01/2019,AMZN_vanilla_nlag3_nseq1_e3238_b4528_n1_ind1_train01-01-2000_trainendteststart01-01-2018_testend01-01-2019,0.42231075697211157,0.016261861864366137,36.72822057952597,,,,,,,,,,,,,,,,,,,,,,,,,,,,,,,,,,,,,,,,,,,,,,,,,,,,,,,,,,,,,,,,,,,,,,,,,,,,,,,,,,,,,,,
AMZN,vanilla,3238,4528,3,1,0.7701652765274047,1,plus_dm,2019-03-22,01/01/2000,01/01/2018,01/01/2019,AMZN_vanilla_nlag3_nseq1_e3238_b4528_n1_ind1_train01-01-2000_trainendteststart01-01-2018_testend01-01-2019,0.42231075697211157,0.01658116879620027,37.13456500346698,,,,,,,,,,,,,,,,,,,,,,,,,,,,,,,,,,,,,,,,,,,,,,,,,,,,,,,,,,,,,,,,,,,,,,,,,,,,,,,,,,,,,,,
AMZN,vanilla,3238,4528,3,1,0.7755212108294169,1,ppo,2019-03-22,01/01/2000,01/01/2018,01/01/2019,AMZN_vanilla_nlag3_nseq1_e3238_b4528_n1_ind1_train01-01-2000_trainendteststart01-01-2018_testend01-01-2019,0.5976095617529881,0.016070425595007126,36.625755089900785,,,,,,,,,,,,,,,,,,,,,,,,,,,,,,,,,,,,,,,,,,,,,,,,,,,,,,,,,,,,,,,,,,,,,,,,,,,,,,,,,,,,,,,
AMZN,vanilla,3238,4528,3,1,0.7676823814709981,1,roc,2019-03-22,01/01/2000,01/01/2018,01/01/2019,AMZN_vanilla_nlag3_nseq1_e3238_b4528_n1_ind1_train01-01-2000_trainendteststart01-01-2018_testend01-01-2019,0.5737051792828686,0.016012376368814543,36.63008008559795,,,,,,,,,,,,,,,,,,,,,,,,,,,,,,,,,,,,,,,,,,,,,,,,,,,,,,,,,,,,,,,,,,,,,,,,,,,,,,,,,,,,,,,
AMZN,vanilla,3238,4528,3,1,0.7992957671483357,1,rocr,2019-03-22,01/01/2000,01/01/2018,01/01/2019,AMZN_vanilla_nlag3_nseq1_e3238_b4528_n1_ind1_train01-01-2000_trainendteststart01-01-2018_testend01-01-2019,0.5976095617529881,0.016009160326337136,36.6075435286169,,,,,,,,,,,,,,,,,,,,,,,,,,,,,,,,,,,,,,,,,,,,,,,,,,,,,,,,,,,,,,,,,,,,,,,,,,,,,,,,,,,,,,,
AMZN,vanilla,3238,4528,3,1,0.7865999341011047,1,rsi,2019-03-22,01/01/2000,01/01/2018,01/01/2019,AMZN_vanilla_nlag3_nseq1_e3238_b4528_n1_ind1_train01-01-2000_trainendteststart01-01-2018_testend01-01-2019,0.5537848605577689,0.01609483450513471,36.624631535233995,,,,,,,,,,,,,,,,,,,,,,,,,,,,,,,,,,,,,,,,,,,,,,,,,,,,,,,,,,,,,,,,,,,,,,,,,,,,,,,,,,,,,,,
AMZN,vanilla,3238,4528,3,1,0.8153670390446981,1,sar,2019-03-22,01/01/2000,01/01/2018,01/01/2019,AMZN_vanilla_nlag3_nseq1_e3238_b4528_n1_ind1_train01-01-2000_trainendteststart01-01-2018_testend01-01-2019,0.5378486055776892,0.01612490476444615,36.59593588270822,,,,,,,,,,,,,,,,,,,,,,,,,,,,,,,,,,,,,,,,,,,,,,,,,,,,,,,,,,,,,,,,,,,,,,,,,,,,,,,,,,,,,,,
AMZN,vanilla,3238,4528,3,1,0.8373759269714356,1,sma,2019-03-22,01/01/2000,01/01/2018,01/01/2019,AMZN_vanilla_nlag3_nseq1_e3238_b4528_n1_ind1_train01-01-2000_trainendteststart01-01-2018_testend01-01-2019,0.5776892430278885,0.01602169066456257,36.62957306895724,,,,,,,,,,,,,,,,,,,,,,,,,,,,,,,,,,,,,,,,,,,,,,,,,,,,,,,,,,,,,,,,,,,,,,,,,,,,,,,,,,,,,,,
AMZN,vanilla,3238,4528,3,1,0.818293297290802,1,stoch,2019-03-22,01/01/2000,01/01/2018,01/01/2019,AMZN_vanilla_nlag3_nseq1_e3238_b4528_n1_ind1_train01-01-2000_trainendteststart01-01-2018_testend01-01-2019,0.5776892430278885,0.016082523963170184,36.64107540235006,,,,,,,,,,,,,,,,,,,,,,,,,,,,,,,,,,,,,,,,,,,,,,,,,,,,,,,,,,,,,,,,,,,,,,,,,,,,,,,,,,,,,,,
AMZN,vanilla,3238,4528,3,1,0.844788134098053,1,stochf,2019-03-22,01/01/2000,01/01/2018,01/01/2019,AMZN_vanilla_nlag3_nseq1_e3238_b4528_n1_ind1_train01-01-2000_trainendteststart01-01-2018_testend01-01-2019,0.5936254980079682,0.016022283983901132,36.58397632919486,,,,,,,,,,,,,,,,,,,,,,,,,,,,,,,,,,,,,,,,,,,,,,,,,,,,,,,,,,,,,,,,,,,,,,,,,,,,,,,,,,,,,,,
AMZN,vanilla,3238,4528,3,1,0.8446794827779134,1,stochrsi,2019-03-22,01/01/2000,01/01/2018,01/01/2019,AMZN_vanilla_nlag3_nseq1_e3238_b4528_n1_ind1_train01-01-2000_trainendteststart01-01-2018_testend01-01-2019,0.5896414342629482,0.01607306508164386,36.61071187782183,,,,,,,,,,,,,,,,,,,,,,,,,,,,,,,,,,,,,,,,,,,,,,,,,,,,,,,,,,,,,,,,,,,,,,,,,,,,,,,,,,,,,,,
AMZN,vanilla,3238,4528,3,1,0.8629051725069682,1,t3,2019-03-22,01/01/2000,01/01/2018,01/01/2019,AMZN_vanilla_nlag3_nseq1_e3238_b4528_n1_ind1_train01-01-2000_trainendteststart01-01-2018_testend01-01-2019,0.5657370517928287,0.016184408784371305,36.64447425523452,,,,,,,,,,,,,,,,,,,,,,,,,,,,,,,,,,,,,,,,,,,,,,,,,,,,,,,,,,,,,,,,,,,,,,,,,,,,,,,,,,,,,,,
AMZN,vanilla,3238,4528,3,1,0.8763199369112651,1,tema,2019-03-22,01/01/2000,01/01/2018,01/01/2019,AMZN_vanilla_nlag3_nseq1_e3238_b4528_n1_ind1_train01-01-2000_trainendteststart01-01-2018_testend01-01-2019,0.4063745019920319,0.016446231328866013,37.06922155840442,,,,,,,,,,,,,,,,,,,,,,,,,,,,,,,,,,,,,,,,,,,,,,,,,,,,,,,,,,,,,,,,,,,,,,,,,,,,,,,,,,,,,,,
AMZN,vanilla,3238,4528,3,1,0.8698692043622335,1,trange,2019-03-22,01/01/2000,01/01/2018,01/01/2019,AMZN_vanilla_nlag3_nseq1_e3238_b4528_n1_ind1_train01-01-2000_trainendteststart01-01-2018_testend01-01-2019,0.5697211155378487,0.016022418692018463,36.60232955532295,,,,,,,,,,,,,,,,,,,,,,,,,,,,,,,,,,,,,,,,,,,,,,,,,,,,,,,,,,,,,,,,,,,,,,,,,,,,,,,,,,,,,,,
AMZN,vanilla,3238,4528,3,1,0.8896628459294637,1,trima,2019-03-22,01/01/2000,01/01/2018,01/01/2019,AMZN_vanilla_nlag3_nseq1_e3238_b4528_n1_ind1_train01-01-2000_trainendteststart01-01-2018_testend01-01-2019,0.5617529880478087,0.016120183559051156,36.70883784294536,,,,,,,,,,,,,,,,,,,,,,,,,,,,,,,,,,,,,,,,,,,,,,,,,,,,,,,,,,,,,,,,,,,,,,,,,,,,,,,,,,,,,,,
AMZN,vanilla,3238,4528,3,1,0.9020682613054911,1,trix,2019-03-22,01/01/2000,01/01/2018,01/01/2019,AMZN_vanilla_nlag3_nseq1_e3238_b4528_n1_ind1_train01-01-2000_trainendteststart01-01-2018_testend01-01-2019,0.5776892430278885,0.01602007630022683,36.59917880480012,,,,,,,,,,,,,,,,,,,,,,,,,,,,,,,,,,,,,,,,,,,,,,,,,,,,,,,,,,,,,,,,,,,,,,,,,,,,,,,,,,,,,,,
AMZN,vanilla,3238,4528,3,1,0.9156701366106669,1,ultsoc,2019-03-22,01/01/2000,01/01/2018,01/01/2019,AMZN_vanilla_nlag3_nseq1_e3238_b4528_n1_ind1_train01-01-2000_trainendteststart01-01-2018_testend01-01-2019,0.5537848605577689,0.016075691604065783,36.638522518871895,,,,,,,,,,,,,,,,,,,,,,,,,,,,,,,,,,,,,,,,,,,,,,,,,,,,,,,,,,,,,,,,,,,,,,,,,,,,,,,,,,,,,,,
AMZN,vanilla,3238,4528,3,1,0.8952454566955567,1,willr,2019-03-22,01/01/2000,01/01/2018,01/01/2019,AMZN_vanilla_nlag3_nseq1_e3238_b4528_n1_ind1_train01-01-2000_trainendteststart01-01-2018_testend01-01-2019,0.5418326693227091,0.016096188937936497,36.63782174274918,,,,,,,,,,,,,,,,,,,,,,,,,,,,,,,,,,,,,,,,,,,,,,,,,,,,,,,,,,,,,,,,,,,,,,,,,,,,,,,,,,,,,,,
AMZN,vanilla,3238,4528,3,1,0.9088364124298096,1,wma,2019-03-22,01/01/2000,01/01/2018,01/01/2019,AMZN_vanilla_nlag3_nseq1_e3238_b4528_n1_ind1_train01-01-2000_trainendteststart01-01-2018_testend01-01-2019,0.5816733067729084,0.016083056659726317,36.64094807579434,,,,,,,,,,,,,,,,,,,,,,,,,,,,,,,,,,,,,,,,,,,,,,,,,,,,,,,,,,,,,,,,,,,,,,,,,,,,,,,,,,,,,,,
AMZN,stacked,239,4528,3,1,0.46729785203933716,1,price,2019-03-22,01/01/2000,01/01/2018,01/01/2019,AMZN_stacked_nlag3_nseq1_e239_b4528_n1_ind1_train01-01-2000_trainendteststart01-01-2018_testend01-01-2019,0.5776892430278885,0.016073363114599254,36.64305389150211,,,,,,,,,,,,,,,,,,,,,,,,,,,,,,,,,,,,,,,,,,,,,,,,,,,,,,,,,,,,,,,,,,,,,,,,,,,,,,,,,,,,,,,
AMZN,stacked,239,4528,3,1,0.4698066552480062,1,ad,2019-03-22,01/01/2000,01/01/2018,01/01/2019,AMZN_stacked_nlag3_nseq1_e239_b4528_n1_ind1_train01-01-2000_trainendteststart01-01-2018_testend01-01-2019,0.5776892430278885,0.01608747696956914,36.64173564875267,,,,,,,,,,,,,,,,,,,,,,,,,,,,,,,,,,,,,,,,,,,,,,,,,,,,,,,,,,,,,,,,,,,,,,,,,,,,,,,,,,,,,,,
AMZN,stacked,239,4528,3,1,0.49472501675287883,1,adosc,2019-03-22,01/01/2000,01/01/2018,01/01/2019,AMZN_stacked_nlag3_nseq1_e239_b4528_n1_ind1_train01-01-2000_trainendteststart01-01-2018_testend01-01-2019,0.545816733067729,0.016102739310894763,36.64648859139608,,,,,,,,,,,,,,,,,,,,,,,,,,,,,,,,,,,,,,,,,,,,,,,,,,,,,,,,,,,,,,,,,,,,,,,,,,,,,,,,,,,,,,,
AMZN,stacked,239,4528,3,1,0.48635769287745156,1,adx,2019-03-22,01/01/2000,01/01/2018,01/01/2019,AMZN_stacked_nlag3_nseq1_e239_b4528_n1_ind1_train01-01-2000_trainendteststart01-01-2018_testend01-01-2019,0.5737051792828686,0.016075241912811056,36.6373572447905,,,,,,,,,,,,,,,,,,,,,,,,,,,,,,,,,,,,,,,,,,,,,,,,,,,,,,,,,,,,,,,,,,,,,,,,,,,,,,,,,,,,,,,
AMZN,stacked,239,4528,3,1,0.49712988138198855,1,adxr,2019-03-22,01/01/2000,01/01/2018,01/01/2019,AMZN_stacked_nlag3_nseq1_e239_b4528_n1_ind1_train01-01-2000_trainendteststart01-01-2018_testend01-01-2019,0.5657370517928287,0.01607931152500763,36.64086403624889,,,,,,,,,,,,,,,,,,,,,,,,,,,,,,,,,,,,,,,,,,,,,,,,,,,,,,,,,,,,,,,,,,,,,,,,,,,,,,,,,,,,,,,
AMZN,stacked,239,4528,3,1,0.5090943773587545,1,apo,2019-03-22,01/01/2000,01/01/2018,01/01/2019,AMZN_stacked_nlag3_nseq1_e239_b4528_n1_ind1_train01-01-2000_trainendteststart01-01-2018_testend01-01-2019,0.549800796812749,0.016047917660097433,36.607102876662374,,,,,,,,,,,,,,,,,,,,,,,,,,,,,,,,,,,,,,,,,,,,,,,,,,,,,,,,,,,,,,,,,,,,,,,,,,,,,,,,,,,,,,,
AMZN,stacked,239,4528,3,1,0.5182806332906087,1,aroon,2019-03-22,01/01/2000,01/01/2018,01/01/2019,AMZN_stacked_nlag3_nseq1_e239_b4528_n1_ind1_train01-01-2000_trainendteststart01-01-2018_testend01-01-2019,0.5776892430278885,0.016091691159369013,36.646098996854256,,,,,,,,,,,,,,,,,,,,,,,,,,,,,,,,,,,,,,,,,,,,,,,,,,,,,,,,,,,,,,,,,,,,,,,,,,,,,,,,,,,,,,,
AMZN,stacked,239,4528,3,1,0.5621264259020488,1,aroonosc,2019-03-22,01/01/2000,01/01/2018,01/01/2019,AMZN_stacked_nlag3_nseq1_e239_b4528_n1_ind1_train01-01-2000_trainendteststart01-01-2018_testend01-01-2019,0.5776892430278885,0.01608021664173923,36.63712941955679,,,,,,,,,,,,,,,,,,,,,,,,,,,,,,,,,,,,,,,,,,,,,,,,,,,,,,,,,,,,,,,,,,,,,,,,,,,,,,,,,,,,,,,
AMZN,stacked,239,4528,3,1,0.5452251036961874,1,bbands,2019-03-22,01/01/2000,01/01/2018,01/01/2019,AMZN_stacked_nlag3_nseq1_e239_b4528_n1_ind1_train01-01-2000_trainendteststart01-01-2018_testend01-01-2019,0.5776892430278885,0.01607458302040126,36.63796764503923,,,,,,,,,,,,,,,,,,,,,,,,,,,,,,,,,,,,,,,,,,,,,,,,,,,,,,,,,,,,,,,,,,,,,,,,,,,,,,,,,,,,,,,
AMZN,stacked,239,4528,3,1,0.5860782543818156,1,bop,2019-03-22,01/01/2000,01/01/2018,01/01/2019,AMZN_stacked_nlag3_nseq1_e239_b4528_n1_ind1_train01-01-2000_trainendteststart01-01-2018_testend01-01-2019,0.5657370517928287,0.016087669361310616,36.64510613143417,,,,,,,,,,,,,,,,,,,,,,,,,,,,,,,,,,,,,,,,,,,,,,,,,,,,,,,,,,,,,,,,,,,,,,,,,,,,,,,,,,,,,,,
AMZN,stacked,239,4528,3,1,0.6303673426310221,1,cci,2019-03-22,01/01/2000,01/01/2018,01/01/2019,AMZN_stacked_nlag3_nseq1_e239_b4528_n1_ind1_train01-01-2000_trainendteststart01-01-2018_testend01-01-2019,0.5378486055776892,0.01609597751985495,36.648865055698735,,,,,,,,,,,,,,,,,,,,,,,,,,,,,,,,,,,,,,,,,,,,,,,,,,,,,,,,,,,,,,,,,,,,,,,,,,,,,,,,,,,,,,,
AMZN,stacked,239,4528,3,1,0.6315526326497396,1,cmo,2019-03-22,01/01/2000,01/01/2018,01/01/2019,AMZN_stacked_nlag3_nseq1_e239_b4528_n1_ind1_train01-01-2000_trainendteststart01-01-2018_testend01-01-2019,0.5697211155378487,0.01607205240731917,36.62926528353824,,,,,,,,,,,,,,,,,,,,,,,,,,,,,,,,,,,,,,,,,,,,,,,,,,,,,,,,,,,,,,,,,,,,,,,,,,,,,,,,,,,,,,,
AMZN,stacked,239,4528,3,1,0.5945870836575826,1,dema,2019-03-22,01/01/2000,01/01/2018,01/01/2019,AMZN_stacked_nlag3_nseq1_e239_b4528_n1_ind1_train01-01-2000_trainendteststart01-01-2018_testend01-01-2019,0.5776892430278885,0.0160634890994449,36.628709539744634,,,,,,,,,,,,,,,,,,,,,,,,,,,,,,,,,,,,,,,,,,,,,,,,,,,,,,,,,,,,,,,,,,,,,,,,,,,,,,,,,,,,,,,
AMZN,stacked,239,4528,3,1,0.6017206033070882,1,dx,2019-03-22,01/01/2000,01/01/2018,01/01/2019,AMZN_stacked_nlag3_nseq1_e239_b4528_n1_ind1_train01-01-2000_trainendteststart01-01-2018_testend01-01-2019,0.5298804780876494,0.016072935836572145,36.647337285161434,,,,,,,,,,,,,,,,,,,,,,,,,,,,,,,,,,,,,,,,,,,,,,,,,,,,,,,,,,,,,,,,,,,,,,,,,,,,,,,,,,,,,,,
AMZN,stacked,239,4528,3,1,0.6244086941083272,1,ema,2019-03-22,01/01/2000,01/01/2018,01/01/2019,AMZN_stacked_nlag3_nseq1_e239_b4528_n1_ind1_train01-01-2000_trainendteststart01-01-2018_testend01-01-2019,0.5258964143426295,0.016127246425230557,36.672336970053905,,,,,,,,,,,,,,,,,,,,,,,,,,,,,,,,,,,,,,,,,,,,,,,,,,,,,,,,,,,,,,,,,,,,,,,,,,,,,,,,,,,,,,,
AMZN,stacked,239,4528,3,1,0.6236509601275126,1,ht_dcperiod,2019-03-22,01/01/2000,01/01/2018,01/01/2019,AMZN_stacked_nlag3_nseq1_e239_b4528_n1_ind1_train01-01-2000_trainendteststart01-01-2018_testend01-01-2019,0.5537848605577689,0.016090155268105196,36.64523595559961,,,,,,,,,,,,,,,,,,,,,,,,,,,,,,,,,,,,,,,,,,,,,,,,,,,,,,,,,,,,,,,,,,,,,,,,,,,,,,,,,,,,,,,
AMZN,stacked,239,4528,3,1,0.6470311800638835,1,ht_dcphase,2019-03-22,01/01/2000,01/01/2018,01/01/2019,AMZN_stacked_nlag3_nseq1_e239_b4528_n1_ind1_train01-01-2000_trainendteststart01-01-2018_testend01-01-2019,0.5776892430278885,0.016089364060479155,36.64190392689742,,,,,,,,,,,,,,,,,,,,,,,,,,,,,,,,,,,,,,,,,,,,,,,,,,,,,,,,,,,,,,,,,,,,,,,,,,,,,,,,,,,,,,,
AMZN,stacked,239,4528,3,1,0.6623093247413635,1,ht_phasor,2019-03-22,01/01/2000,01/01/2018,01/01/2019,AMZN_stacked_nlag3_nseq1_e239_b4528_n1_ind1_train01-01-2000_trainendteststart01-01-2018_testend01-01-2019,0.5976095617529881,0.016032870535018524,36.60412386299944,,,,,,,,,,,,,,,,,,,,,,,,,,,,,,,,,,,,,,,,,,,,,,,,,,,,,,,,,,,,,,,,,,,,,,,,,,,,,,,,,,,,,,,
AMZN,stacked,239,4528,3,1,0.6701205333073934,1,ht_sine,2019-03-22,01/01/2000,01/01/2018,01/01/2019,AMZN_stacked_nlag3_nseq1_e239_b4528_n1_ind1_train01-01-2000_trainendteststart01-01-2018_testend01-01-2019,0.5378486055776892,0.0160833099812056,36.62398654661092,,,,,,,,,,,,,,,,,,,,,,,,,,,,,,,,,,,,,,,,,,,,,,,,,,,,,,,,,,,,,,,,,,,,,,,,,,,,,,,,,,,,,,,
AMZN,stacked,239,4528,3,1,0.6971427361170451,1,ht_trendline,2019-03-22,01/01/2000,01/01/2018,01/01/2019,AMZN_stacked_nlag3_nseq1_e239_b4528_n1_ind1_train01-01-2000_trainendteststart01-01-2018_testend01-01-2019,0.40239043824701193,0.01612771104508601,36.66271181998068,,,,,,,,,,,,,,,,,,,,,,,,,,,,,,,,,,,,,,,,,,,,,,,,,,,,,,,,,,,,,,,,,,,,,,,,,,,,,,,,,,,,,,,
AMZN,stacked,239,4528,3,1,0.7407374739646911,1,ht_trendmode,2019-03-22,01/01/2000,01/01/2018,01/01/2019,AMZN_stacked_nlag3_nseq1_e239_b4528_n1_ind1_train01-01-2000_trainendteststart01-01-2018_testend01-01-2019,0.5776892430278885,0.016098790260089202,36.65941185368933,,,,,,,,,,,,,,,,,,,,,,,,,,,,,,,,,,,,,,,,,,,,,,,,,,,,,,,,,,,,,,,,,,,,,,,,,,,,,,,,,,,,,,,
AMZN,stacked,239,4528,3,1,0.7460717837015788,1,kama,2019-03-22,01/01/2000,01/01/2018,01/01/2019,AMZN_stacked_nlag3_nseq1_e239_b4528_n1_ind1_train01-01-2000_trainendteststart01-01-2018_testend01-01-2019,0.5776892430278885,0.016103538547403543,36.574336841105044,,,,,,,,,,,,,,,,,,,,,,,,,,,,,,,,,,,,,,,,,,,,,,,,,,,,,,,,,,,,,,,,,,,,,,,,,,,,,,,,,,,,,,,
AMZN,stacked,239,4528,3,1,0.7695257663726807,1,macd,2019-03-22,01/01/2000,01/01/2018,01/01/2019,AMZN_stacked_nlag3_nseq1_e239_b4528_n1_ind1_train01-01-2000_trainendteststart01-01-2018_testend01-01-2019,0.5776892430278885,0.01608151410281439,36.63623530170364,,,,,,,,,,,,,,,,,,,,,,,,,,,,,,,,,,,,,,,,,,,,,,,,,,,,,,,,,,,,,,,,,,,,,,,,,,,,,,,,,,,,,,,
AMZN,stacked,239,4528,3,1,0.7346099376678467,1,macdext,2019-03-22,01/01/2000,01/01/2018,01/01/2019,AMZN_stacked_nlag3_nseq1_e239_b4528_n1_ind1_train01-01-2000_trainendteststart01-01-2018_testend01-01-2019,0.5697211155378487,0.016071499512351834,36.64855229728487,,,,,,,,,,,,,,,,,,,,,,,,,,,,,,,,,,,,,,,,,,,,,,,,,,,,,,,,,,,,,,,,,,,,,,,,,,,,,,,,,,,,,,,
AMZN,stacked,239,4528,3,1,0.7404639999071757,1,mama,2019-03-22,01/01/2000,01/01/2018,01/01/2019,AMZN_stacked_nlag3_nseq1_e239_b4528_n1_ind1_train01-01-2000_trainendteststart01-01-2018_testend01-01-2019,0.5776892430278885,0.01605156248227713,36.62505722584592,,,,,,,,,,,,,,,,,,,,,,,,,,,,,,,,,,,,,,,,,,,,,,,,,,,,,,,,,,,,,,,,,,,,,,,,,,,,,,,,,,,,,,,
AMZN,stacked,239,4528,3,1,0.7553735415140788,1,mfi,2019-03-22,01/01/2000,01/01/2018,01/01/2019,AMZN_stacked_nlag3_nseq1_e239_b4528_n1_ind1_train01-01-2000_trainendteststart01-01-2018_testend01-01-2019,0.5577689243027888,0.016089108819824952,36.6475684210636,,,,,,,,,,,,,,,,,,,,,,,,,,,,,,,,,,,,,,,,,,,,,,,,,,,,,,,,,,,,,,,,,,,,,,,,,,,,,,,,,,,,,,,
AMZN,stacked,239,4528,3,1,0.7917566974957784,1,midpoint,2019-03-22,01/01/2000,01/01/2018,01/01/2019,AMZN_stacked_nlag3_nseq1_e239_b4528_n1_ind1_train01-01-2000_trainendteststart01-01-2018_testend01-01-2019,0.5896414342629482,0.016047721688508813,36.61917429042916,,,,,,,,,,,,,,,,,,,,,,,,,,,,,,,,,,,,,,,,,,,,,,,,,,,,,,,,,,,,,,,,,,,,,,,,,,,,,,,,,,,,,,,
AMZN,stacked,239,4528,3,1,0.8349368294080098,1,midprice,2019-03-22,01/01/2000,01/01/2018,01/01/2019,AMZN_stacked_nlag3_nseq1_e239_b4528_n1_ind1_train01-01-2000_trainendteststart01-01-2018_testend01-01-2019,0.5776892430278885,0.01608703271021246,36.64586648565321,,,,,,,,,,,,,,,,,,,,,,,,,,,,,,,,,,,,,,,,,,,,,,,,,,,,,,,,,,,,,,,,,,,,,,,,,,,,,,,,,,,,,,,
AMZN,stacked,239,4528,3,1,0.8913788239161173,1,minus_di,2019-03-22,01/01/2000,01/01/2018,01/01/2019,AMZN_stacked_nlag3_nseq1_e239_b4528_n1_ind1_train01-01-2000_trainendteststart01-01-2018_testend01-01-2019,0.5776892430278885,0.016095297376920937,36.63343766346208,,,,,,,,,,,,,,,,,,,,,,,,,,,,,,,,,,,,,,,,,,,,,,,,,,,,,,,,,,,,,,,,,,,,,,,,,,,,,,,,,,,,,,,
AMZN,stacked,239,4528,3,1,0.8048829317092896,1,minus_dm,2019-03-22,01/01/2000,01/01/2018,01/01/2019,AMZN_stacked_nlag3_nseq1_e239_b4528_n1_ind1_train01-01-2000_trainendteststart01-01-2018_testend01-01-2019,0.5776892430278885,0.016004173028436843,36.63184199210632,,,,,,,,,,,,,,,,,,,,,,,,,,,,,,,,,,,,,,,,,,,,,,,,,,,,,,,,,,,,,,,,,,,,,,,,,,,,,,,,,,,,,,,
AMZN,stacked,239,4528,3,1,0.8173211216926575,1,mom,2019-03-22,01/01/2000,01/01/2018,01/01/2019,AMZN_stacked_nlag3_nseq1_e239_b4528_n1_ind1_train01-01-2000_trainendteststart01-01-2018_testend01-01-2019,0.5776892430278885,0.016087929208886305,36.641971190729436,,,,,,,,,,,,,,,,,,,,,,,,,,,,,,,,,,,,,,,,,,,,,,,,,,,,,,,,,,,,,,,,,,,,,,,,,,,,,,,,,,,,,,,
AMZN,stacked,239,4528,3,1,0.832460618019104,1,natr,2019-03-22,01/01/2000,01/01/2018,01/01/2019,AMZN_stacked_nlag3_nseq1_e239_b4528_n1_ind1_train01-01-2000_trainendteststart01-01-2018_testend01-01-2019,0.5776892430278885,0.01608852780668169,36.64245383152809,,,,,,,,,,,,,,,,,,,,,,,,,,,,,,,,,,,,,,,,,,,,,,,,,,,,,,,,,,,,,,,,,,,,,,,,,,,,,,,,,,,,,,,
AMZN,stacked,239,4528,3,1,0.842242705821991,1,obv,2019-03-22,01/01/2000,01/01/2018,01/01/2019,AMZN_stacked_nlag3_nseq1_e239_b4528_n1_ind1_train01-01-2000_trainendteststart01-01-2018_testend01-01-2019,0.5737051792828686,0.016081520872592004,36.64348666152239,,,,,,,,,,,,,,,,,,,,,,,,,,,,,,,,,,,,,,,,,,,,,,,,,,,,,,,,,,,,,,,,,,,,,,,,,,,,,,,,,,,,,,,
AMZN,stacked,239,4528,3,1,0.9161930322647095,1,plus_di,2019-03-22,01/01/2000,01/01/2018,01/01/2019,AMZN_stacked_nlag3_nseq1_e239_b4528_n1_ind1_train01-01-2000_trainendteststart01-01-2018_testend01-01-2019,0.5776892430278885,0.016074436110333674,36.649168368257314,,,,,,,,,,,,,,,,,,,,,,,,,,,,,,,,,,,,,,,,,,,,,,,,,,,,,,,,,,,,,,,,,,,,,,,,,,,,,,,,,,,,,,,
AMZN,stacked,239,4528,3,1,0.9395346919695536,1,plus_dm,2019-03-22,01/01/2000,01/01/2018,01/01/2019,AMZN_stacked_nlag3_nseq1_e239_b4528_n1_ind1_train01-01-2000_trainendteststart01-01-2018_testend01-01-2019,0.5418326693227091,0.01610810407487305,36.661206722825995,,,,,,,,,,,,,,,,,,,,,,,,,,,,,,,,,,,,,,,,,,,,,,,,,,,,,,,,,,,,,,,,,,,,,,,,,,,,,,,,,,,,,,,
AMZN,stacked,239,4528,3,1,0.9566967646280925,1,ppo,2019-03-22,01/01/2000,01/01/2018,01/01/2019,AMZN_stacked_nlag3_nseq1_e239_b4528_n1_ind1_train01-01-2000_trainendteststart01-01-2018_testend01-01-2019,0.5776892430278885,0.016086609860139673,36.6450227282868,,,,,,,,,,,,,,,,,,,,,,,,,,,,,,,,,,,,,,,,,,,,,,,,,,,,,,,,,,,,,,,,,,,,,,,,,,,,,,,,,,,,,,,
AMZN,stacked,239,4528,3,1,1.0262778917948405,1,roc,2019-03-22,01/01/2000,01/01/2018,01/01/2019,AMZN_stacked_nlag3_nseq1_e239_b4528_n1_ind1_train01-01-2000_trainendteststart01-01-2018_testend01-01-2019,0.5737051792828686,0.016081839386606636,36.64603317509864,,,,,,,,,,,,,,,,,,,,,,,,,,,,,,,,,,,,,,,,,,,,,,,,,,,,,,,,,,,,,,,,,,,,,,,,,,,,,,,,,,,,,,,
AMZN,stacked,239,4528,3,1,0.9127455035845439,1,rocr,2019-03-22,01/01/2000,01/01/2018,01/01/2019,AMZN_stacked_nlag3_nseq1_e239_b4528_n1_ind1_train01-01-2000_trainendteststart01-01-2018_testend01-01-2019,0.5657370517928287,0.016081541895030492,36.63991656614327,,,,,,,,,,,,,,,,,,,,,,,,,,,,,,,,,,,,,,,,,,,,,,,,,,,,,,,,,,,,,,,,,,,,,,,,,,,,,,,,,,,,,,,
AMZN,stacked,239,4528,3,1,0.9919444004694621,1,rsi,2019-03-22,01/01/2000,01/01/2018,01/01/2019,AMZN_stacked_nlag3_nseq1_e239_b4528_n1_ind1_train01-01-2000_trainendteststart01-01-2018_testend01-01-2019,0.5816733067729084,0.0160393907714558,36.609830453698805,,,,,,,,,,,,,,,,,,,,,,,,,,,,,,,,,,,,,,,,,,,,,,,,,,,,,,,,,,,,,,,,,,,,,,,,,,,,,,,,,,,,,,,
AMZN,stacked,239,4528,3,1,0.9718722979227702,1,sar,2019-03-22,01/01/2000,01/01/2018,01/01/2019,AMZN_stacked_nlag3_nseq1_e239_b4528_n1_ind1_train01-01-2000_trainendteststart01-01-2018_testend01-01-2019,0.5657370517928287,0.016087715099659453,36.64254594328375,,,,,,,,,,,,,,,,,,,,,,,,,,,,,,,,,,,,,,,,,,,,,,,,,,,,,,,,,,,,,,,,,,,,,,,,,,,,,,,,,,,,,,,
AMZN,stacked,239,4528,3,1,0.9535160938898722,1,sma,2019-03-22,01/01/2000,01/01/2018,01/01/2019,AMZN_stacked_nlag3_nseq1_e239_b4528_n1_ind1_train01-01-2000_trainendteststart01-01-2018_testend01-01-2019,0.5776892430278885,0.016014444631389818,36.599519982009475,,,,,,,,,,,,,,,,,,,,,,,,,,,,,,,,,,,,,,,,,,,,,,,,,,,,,,,,,,,,,,,,,,,,,,,,,,,,,,,,,,,,,,,
AMZN,stacked,239,4528,3,1,1.0250109076499938,1,stoch,2019-03-22,01/01/2000,01/01/2018,01/01/2019,AMZN_stacked_nlag3_nseq1_e239_b4528_n1_ind1_train01-01-2000_trainendteststart01-01-2018_testend01-01-2019,0.5378486055776892,0.01610213590111271,36.65622442234452,,,,,,,,,,,,,,,,,,,,,,,,,,,,,,,,,,,,,,,,,,,,,,,,,,,,,,,,,,,,,,,,,,,,,,,,,,,,,,,,,,,,,,,
AMZN,stacked,239,4528,3,1,1.0269896864891053,1,stochf,2019-03-22,01/01/2000,01/01/2018,01/01/2019,AMZN_stacked_nlag3_nseq1_e239_b4528_n1_ind1_train01-01-2000_trainendteststart01-01-2018_testend01-01-2019,0.5976095617529881,0.016070366277972172,36.63009529607339,,,,,,,,,,,,,,,,,,,,,,,,,,,,,,,,,,,,,,,,,,,,,,,,,,,,,,,,,,,,,,,,,,,,,,,,,,,,,,,,,,,,,,,
AMZN,stacked,239,4528,3,1,0.9938531239827474,1,stochrsi,2019-03-22,01/01/2000,01/01/2018,01/01/2019,AMZN_stacked_nlag3_nseq1_e239_b4528_n1_ind1_train01-01-2000_trainendteststart01-01-2018_testend01-01-2019,0.5776892430278885,0.016051261339472253,36.625408374154794,,,,,,,,,,,,,,,,,,,,,,,,,,,,,,,,,,,,,,,,,,,,,,,,,,,,,,,,,,,,,,,,,,,,,,,,,,,,,,,,,,,,,,,
AMZN,stacked,239,4528,3,1,1.0140777786572774,1,t3,2019-03-22,01/01/2000,01/01/2018,01/01/2019,AMZN_stacked_nlag3_nseq1_e239_b4528_n1_ind1_train01-01-2000_trainendteststart01-01-2018_testend01-01-2019,0.5338645418326693,0.016100876014230832,36.63474213399819,,,,,,,,,,,,,,,,,,,,,,,,,,,,,,,,,,,,,,,,,,,,,,,,,,,,,,,,,,,,,,,,,,,,,,,,,,,,,,,,,,,,,,,
AMZN,stacked,239,4528,3,1,1.0876943071683247,1,tema,2019-03-22,01/01/2000,01/01/2018,01/01/2019,AMZN_stacked_nlag3_nseq1_e239_b4528_n1_ind1_train01-01-2000_trainendteststart01-01-2018_testend01-01-2019,0.46215139442231074,0.01610820342553558,36.651704104442715,,,,,,,,,,,,,,,,,,,,,,,,,,,,,,,,,,,,,,,,,,,,,,,,,,,,,,,,,,,,,,,,,,,,,,,,,,,,,,,,,,,,,,,
AMZN,stacked,239,4528,3,1,1.037930397192637,1,trange,2019-03-22,01/01/2000,01/01/2018,01/01/2019,AMZN_stacked_nlag3_nseq1_e239_b4528_n1_ind1_train01-01-2000_trainendteststart01-01-2018_testend01-01-2019,0.549800796812749,0.016030210227947372,36.5877420807948,,,,,,,,,,,,,,,,,,,,,,,,,,,,,,,,,,,,,,,,,,,,,,,,,,,,,,,,,,,,,,,,,,,,,,,,,,,,,,,,,,,,,,,
AMZN,stacked,239,4528,3,1,1.0556846340497335,1,trima,2019-03-22,01/01/2000,01/01/2018,01/01/2019,AMZN_stacked_nlag3_nseq1_e239_b4528_n1_ind1_train01-01-2000_trainendteststart01-01-2018_testend01-01-2019,0.5418326693227091,0.016142089328304705,36.71040541332241,,,,,,,,,,,,,,,,,,,,,,,,,,,,,,,,,,,,,,,,,,,,,,,,,,,,,,,,,,,,,,,,,,,,,,,,,,,,,,,,,,,,,,,
AMZN,stacked,239,4528,3,1,1.0717128237088522,1,trix,2019-03-22,01/01/2000,01/01/2018,01/01/2019,AMZN_stacked_nlag3_nseq1_e239_b4528_n1_ind1_train01-01-2000_trainendteststart01-01-2018_testend01-01-2019,0.5776892430278885,0.01608830324837323,36.64285509825263,,,,,,,,,,,,,,,,,,,,,,,,,,,,,,,,,,,,,,,,,,,,,,,,,,,,,,,,,,,,,,,,,,,,,,,,,,,,,,,,,,,,,,,
AMZN,stacked,239,4528,3,1,1.1777171572049459,1,ultsoc,2019-03-22,01/01/2000,01/01/2018,01/01/2019,AMZN_stacked_nlag3_nseq1_e239_b4528_n1_ind1_train01-01-2000_trainendteststart01-01-2018_testend01-01-2019,0.5737051792828686,0.016093179078047106,36.64821095754682,,,,,,,,,,,,,,,,,,,,,,,,,,,,,,,,,,,,,,,,,,,,,,,,,,,,,,,,,,,,,,,,,,,,,,,,,,,,,,,,,,,,,,,
AMZN,stacked,239,4528,3,1,1.1026018301645915,1,willr,2019-03-22,01/01/2000,01/01/2018,01/01/2019,AMZN_stacked_nlag3_nseq1_e239_b4528_n1_ind1_train01-01-2000_trainendteststart01-01-2018_testend01-01-2019,0.5816733067729084,0.016078105533281727,36.63304272852419,,,,,,,,,,,,,,,,,,,,,,,,,,,,,,,,,,,,,,,,,,,,,,,,,,,,,,,,,,,,,,,,,,,,,,,,,,,,,,,,,,,,,,,
AMZN,stacked,239,4528,3,1,1.10919238726298,1,wma,2019-03-22,01/01/2000,01/01/2018,01/01/2019,AMZN_stacked_nlag3_nseq1_e239_b4528_n1_ind1_train01-01-2000_trainendteststart01-01-2018_testend01-01-2019,0.5776892430278885,0.016077719038639606,36.63579267530346,,,,,,,,,,,,,,,,,,,,,,,,,,,,,,,,,,,,,,,,,,,,,,,,,,,,,,,,,,,,,,,,,,,,,,,,,,,,,,,,,,,,,,,
AMZN,bi,2097,4528,3,1,1.4319919347763062,1,price,2019-03-22,01/01/2000,01/01/2018,01/01/2019,AMZN_bi_nlag3_nseq1_e2097_b4528_n1_ind1_train01-01-2000_trainendteststart01-01-2018_testend01-01-2019,0.5856573705179283,0.01595886045568776,36.343756105002164,,,,,,,,,,,,,,,,,,,,,,,,,,,,,,,,,,,,,,,,,,,,,,,,,,,,,,,,,,,,,,,,,,,,,,,,,,,,,,,,,,,,,,,
AMZN,bi,2097,4528,3,1,1.4896446506182353,1,ad,2019-03-22,01/01/2000,01/01/2018,01/01/2019,AMZN_bi_nlag3_nseq1_e2097_b4528_n1_ind1_train01-01-2000_trainendteststart01-01-2018_testend01-01-2019,0.5737051792828686,0.016088723589249457,36.62573276980332,,,,,,,,,,,,,,,,,,,,,,,,,,,,,,,,,,,,,,,,,,,,,,,,,,,,,,,,,,,,,,,,,,,,,,,,,,,,,,,,,,,,,,,
AMZN,bi,2097,4528,3,1,1.3885724822680154,1,adosc,2019-03-22,01/01/2000,01/01/2018,01/01/2019,AMZN_bi_nlag3_nseq1_e2097_b4528_n1_ind1_train01-01-2000_trainendteststart01-01-2018_testend01-01-2019,0.5776892430278885,0.01602387979693398,36.61798509806784,,,,,,,,,,,,,,,,,,,,,,,,,,,,,,,,,,,,,,,,,,,,,,,,,,,,,,,,,,,,,,,,,,,,,,,,,,,,,,,,,,,,,,,
AMZN,bi,2097,4528,3,1,1.3970945596694946,1,adx,2019-03-22,01/01/2000,01/01/2018,01/01/2019,AMZN_bi_nlag3_nseq1_e2097_b4528_n1_ind1_train01-01-2000_trainendteststart01-01-2018_testend01-01-2019,0.5737051792828686,0.016093513935851848,36.64217087652962,,,,,,,,,,,,,,,,,,,,,,,,,,,,,,,,,,,,,,,,,,,,,,,,,,,,,,,,,,,,,,,,,,,,,,,,,,,,,,,,,,,,,,,
AMZN,bi,2097,4528,3,1,1.473042102654775,1,adxr,2019-03-22,01/01/2000,01/01/2018,01/01/2019,AMZN_bi_nlag3_nseq1_e2097_b4528_n1_ind1_train01-01-2000_trainendteststart01-01-2018_testend01-01-2019,0.5258964143426295,0.016100132668888947,36.64646127177884,,,,,,,,,,,,,,,,,,,,,,,,,,,,,,,,,,,,,,,,,,,,,,,,,,,,,,,,,,,,,,,,,,,,,,,,,,,,,,,,,,,,,,,
AMZN,bi,2097,4528,3,1,1.46809028784434,1,apo,2019-03-22,01/01/2000,01/01/2018,01/01/2019,AMZN_bi_nlag3_nseq1_e2097_b4528_n1_ind1_train01-01-2000_trainendteststart01-01-2018_testend01-01-2019,0.5776892430278885,0.016050650866767324,36.63898956762115,,,,,,,,,,,,,,,,,,,,,,,,,,,,,,,,,,,,,,,,,,,,,,,,,,,,,,,,,,,,,,,,,,,,,,,,,,,,,,,,,,,,,,,
AMZN,bi,2097,4528,3,1,1.4498000423113504,1,aroon,2019-03-22,01/01/2000,01/01/2018,01/01/2019,AMZN_bi_nlag3_nseq1_e2097_b4528_n1_ind1_train01-01-2000_trainendteststart01-01-2018_testend01-01-2019,0.5737051792828686,0.016091928592805962,36.63453678120787,,,,,,,,,,,,,,,,,,,,,,,,,,,,,,,,,,,,,,,,,,,,,,,,,,,,,,,,,,,,,,,,,,,,,,,,,,,,,,,,,,,,,,,
AMZN,bi,2097,4528,3,1,1.5044145425160727,1,aroonosc,2019-03-22,01/01/2000,01/01/2018,01/01/2019,AMZN_bi_nlag3_nseq1_e2097_b4528_n1_ind1_train01-01-2000_trainendteststart01-01-2018_testend01-01-2019,0.5537848605577689,0.01610714682342617,36.65040343308503,,,,,,,,,,,,,,,,,,,,,,,,,,,,,,,,,,,,,,,,,,,,,,,,,,,,,,,,,,,,,,,,,,,,,,,,,,,,,,,,,,,,,,,
AMZN,bi,2097,4528,3,1,1.5455759127934774,1,bbands,2019-03-22,01/01/2000,01/01/2018,01/01/2019,AMZN_bi_nlag3_nseq1_e2097_b4528_n1_ind1_train01-01-2000_trainendteststart01-01-2018_testend01-01-2019,0.5657370517928287,0.016010659059775542,36.651099075705204,,,,,,,,,,,,,,,,,,,,,,,,,,,,,,,,,,,,,,,,,,,,,,,,,,,,,,,,,,,,,,,,,,,,,,,,,,,,,,,,,,,,,,,
AMZN,bi,2097,4528,3,1,1.5078550219535827,1,bop,2019-03-22,01/01/2000,01/01/2018,01/01/2019,AMZN_bi_nlag3_nseq1_e2097_b4528_n1_ind1_train01-01-2000_trainendteststart01-01-2018_testend01-01-2019,0.5298804780876494,0.01610564820898207,36.64238703593731,,,,,,,,,,,,,,,,,,,,,,,,,,,,,,,,,,,,,,,,,,,,,,,,,,,,,,,,,,,,,,,,,,,,,,,,,,,,,,,,,,,,,,,
AMZN,bi,2097,4528,3,1,1.5767287572224935,1,cci,2019-03-22,01/01/2000,01/01/2018,01/01/2019,AMZN_bi_nlag3_nseq1_e2097_b4528_n1_ind1_train01-01-2000_trainendteststart01-01-2018_testend01-01-2019,0.47808764940239046,0.016125438480123974,36.645768565539555,,,,,,,,,,,,,,,,,,,,,,,,,,,,,,,,,,,,,,,,,,,,,,,,,,,,,,,,,,,,,,,,,,,,,,,,,,,,,,,,,,,,,,,
AMZN,bi,2097,4528,3,1,1.551944653193156,1,cmo,2019-03-22,01/01/2000,01/01/2018,01/01/2019,AMZN_bi_nlag3_nseq1_e2097_b4528_n1_ind1_train01-01-2000_trainendteststart01-01-2018_testend01-01-2019,0.50199203187251,0.016106436224747285,36.6245681256674,,,,,,,,,,,,,,,,,,,,,,,,,,,,,,,,,,,,,,,,,,,,,,,,,,,,,,,,,,,,,,,,,,,,,,,,,,,,,,,,,,,,,,,
AMZN,bi,2097,4528,3,1,1.5275495926539102,1,dema,2019-03-22,01/01/2000,01/01/2018,01/01/2019,AMZN_bi_nlag3_nseq1_e2097_b4528_n1_ind1_train01-01-2000_trainendteststart01-01-2018_testend01-01-2019,0.5537848605577689,0.016111138167690373,36.673537936161345,,,,,,,,,,,,,,,,,,,,,,,,,,,,,,,,,,,,,,,,,,,,,,,,,,,,,,,,,,,,,,,,,,,,,,,,,,,,,,,,,,,,,,,
AMZN,bi,2097,4528,3,1,1.5682196617126465,1,dx,2019-03-22,01/01/2000,01/01/2018,01/01/2019,AMZN_bi_nlag3_nseq1_e2097_b4528_n1_ind1_train01-01-2000_trainendteststart01-01-2018_testend01-01-2019,0.41832669322709165,0.016213129665696976,36.712125700177566,,,,,,,,,,,,,,,,,,,,,,,,,,,,,,,,,,,,,,,,,,,,,,,,,,,,,,,,,,,,,,,,,,,,,,,,,,,,,,,,,,,,,,,
AMZN,bi,2097,4528,3,1,1.6208504915237427,1,ema,2019-03-22,01/01/2000,01/01/2018,01/01/2019,AMZN_bi_nlag3_nseq1_e2097_b4528_n1_ind1_train01-01-2000_trainendteststart01-01-2018_testend01-01-2019,0.44223107569721115,0.016190913994354347,36.731577385096486,,,,,,,,,,,,,,,,,,,,,,,,,,,,,,,,,,,,,,,,,,,,,,,,,,,,,,,,,,,,,,,,,,,,,,,,,,,,,,,,,,,,,,,
AMZN,bi,2097,4528,3,1,1.6707083900769553,1,ht_dcperiod,2019-03-22,01/01/2000,01/01/2018,01/01/2019,AMZN_bi_nlag3_nseq1_e2097_b4528_n1_ind1_train01-01-2000_trainendteststart01-01-2018_testend01-01-2019,0.5418326693227091,0.01610123984858969,36.65579506804872,,,,,,,,,,,,,,,,,,,,,,,,,,,,,,,,,,,,,,,,,,,,,,,,,,,,,,,,,,,,,,,,,,,,,,,,,,,,,,,,,,,,,,,
AMZN,bi,2097,4528,3,1,1.555953363577525,1,ht_dcphase,2019-03-22,01/01/2000,01/01/2018,01/01/2019,AMZN_bi_nlag3_nseq1_e2097_b4528_n1_ind1_train01-01-2000_trainendteststart01-01-2018_testend01-01-2019,0.5737051792828686,0.016077813108932353,36.662859803409276,,,,,,,,,,,,,,,,,,,,,,,,,,,,,,,,,,,,,,,,,,,,,,,,,,,,,,,,,,,,,,,,,,,,,,,,,,,,,,,,,,,,,,,
AMZN,bi,2097,4528,3,1,1.5852874040603637,1,ht_phasor,2019-03-22,01/01/2000,01/01/2018,01/01/2019,AMZN_bi_nlag3_nseq1_e2097_b4528_n1_ind1_train01-01-2000_trainendteststart01-01-2018_testend01-01-2019,0.5338645418326693,0.016125279134304796,36.77969405932244,,,,,,,,,,,,,,,,,,,,,,,,,,,,,,,,,,,,,,,,,,,,,,,,,,,,,,,,,,,,,,,,,,,,,,,,,,,,,,,,,,,,,,,
AMZN,bi,2097,4528,3,1,1.6651681462923686,1,ht_sine,2019-03-22,01/01/2000,01/01/2018,01/01/2019,AMZN_bi_nlag3_nseq1_e2097_b4528_n1_ind1_train01-01-2000_trainendteststart01-01-2018_testend01-01-2019,0.44621513944223107,0.016127190387011738,36.65297498932914,,,,,,,,,,,,,,,,,,,,,,,,,,,,,,,,,,,,,,,,,,,,,,,,,,,,,,,,,,,,,,,,,,,,,,,,,,,,,,,,,,,,,,,
AMZN,bi,2097,4528,3,1,1.6318052132924399,1,ht_trendline,2019-03-22,01/01/2000,01/01/2018,01/01/2019,AMZN_bi_nlag3_nseq1_e2097_b4528_n1_ind1_train01-01-2000_trainendteststart01-01-2018_testend01-01-2019,0.4900398406374502,0.016171828066615525,36.795699800669475,,,,,,,,,,,,,,,,,,,,,,,,,,,,,,,,,,,,,,,,,,,,,,,,,,,,,,,,,,,,,,,,,,,,,,,,,,,,,,,,,,,,,,,
AMZN,bi,2097,4528,3,1,1.6988011360168458,1,ht_trendmode,2019-03-22,01/01/2000,01/01/2018,01/01/2019,AMZN_bi_nlag3_nseq1_e2097_b4528_n1_ind1_train01-01-2000_trainendteststart01-01-2018_testend01-01-2019,0.5776892430278885,0.01604810300564363,36.606479897007546,,,,,,,,,,,,,,,,,,,,,,,,,,,,,,,,,,,,,,,,,,,,,,,,,,,,,,,,,,,,,,,,,,,,,,,,,,,,,,,,,,,,,,,
