Company,LSTM Type,n_epoch,n_neuros,n_batch,n_lag,n_seq,Training Time,Indicator Number,Indicators,Trained Date,Start Train Date,End Train/Start Test Date,End Test Date,Model Name,Trend_t+1,APRE_t+1,RMSE_t+1,Trend_t+2,APRE_t+2,RMSE_t+2,Trend_t+3,APRE_t+3,RMSE_t+3,Trend_t+4,APRE_t+4,RMSE_t+4,Trend_t+5,APRE_t+5,RMSE_t+5,Trend_t+6,APRE_t+6,RMSE_t+6,Trend_t+7,APRE_t+7,RMSE_t+7,Trend_t+8,APRE_t+8,RMSE_t+8,Trend_t+9,APRE_t+9,RMSE_t+9,Trend_t+10,APRE_t+10,RMSE_t+10,Trend_t+11,APRE_t+11,RMSE_t+11,Trend_t+12,APRE_t+12,RMSE_t+12,Trend_t+13,APRE_t+13,RMSE_t+13,Trend_t+14,APRE_t+14,RMSE_t+14,Trend_t+15,APRE_t+15,RMSE_t+15,Trend_t+16,APRE_t+16,RMSE_t+16,Trend_t+17,APRE_t+17,RMSE_t+17,Trend_t+18,APRE_t+18,RMSE_t+18,Trend_t+19,APRE_t+19,RMSE_t+19,Trend_t+20,APRE_t+20,RMSE_t+20,Trend_t+21,APRE_t+21,RMSE_t+21,Trend_t+22,APRE_t+22,RMSE_t+22,Trend_t+23,APRE_t+23,RMSE_t+23,Trend_t+24,APRE_t+24,RMSE_t+24,Trend_t+25,APRE_t+25,RMSE_t+25,Trend_t+26,APRE_t+26,RMSE_t+26,Trend_t+27,APRE_t+27,RMSE_t+27,Trend_t+28,APRE_t+28,RMSE_t+28,Trend_t+29,APRE_t+29,RMSE_t+29,Trend_t+30,APRE_t+30,RMSE_t+30
AMZN,vanilla,2500,1,4528,3,1,1.4571061770121256,52,"Share Price,ad,adosc,adx,adxr,apo,aroon,aroonosc,bbands,bop,cci,cmo,dema,dx,ema,ht_dcperiod,ht_dcphase,ht_phasor,ht_sine,ht_trendline,ht_trendmode,kama,macd,macdext,mama,mfi,midpoint,midprice,minus_di,minus_dm,mom,natr,obv,plus_di,plus_dm,ppo,roc,rocr,rsi,sar,sma,stoch,stochf,stochrsi,t3,tema,trange,trima,trix,ultsoc,willr,wma",2019-03-06,01/01/2000,01/01/2018,01/01/2019,AMZN_vanilla_nlag3_nseq1_e2500_b4528_n1_ind52_train01-01-2000_trainendteststart01-01-2018_testend01-01-2019,0.5577689243027888,0.01606572203592679,36.742804431697685,,,,,,,,,,,,,,,,,,,,,,,,,,,,,,,,,,,,,,,,,,,,,,,,,,,,,,,,,,,,,,,,,,,,,,,,,,,,,,,,,,,,,,,
AMZN,stacked,2500,1,4528,3,1,2.301404841740926,52,"Share Price,ad,adosc,adx,adxr,apo,aroon,aroonosc,bbands,bop,cci,cmo,dema,dx,ema,ht_dcperiod,ht_dcphase,ht_phasor,ht_sine,ht_trendline,ht_trendmode,kama,macd,macdext,mama,mfi,midpoint,midprice,minus_di,minus_dm,mom,natr,obv,plus_di,plus_dm,ppo,roc,rocr,rsi,sar,sma,stoch,stochf,stochrsi,t3,tema,trange,trima,trix,ultsoc,willr,wma",2019-03-06,01/01/2000,01/01/2018,01/01/2019,AMZN_stacked_nlag3_nseq1_e2500_b4528_n1_ind52_train01-01-2000_trainendteststart01-01-2018_testend01-01-2019,0.5776892430278885,0.016326238004131757,37.919830876627806,,,,,,,,,,,,,,,,,,,,,,,,,,,,,,,,,,,,,,,,,,,,,,,,,,,,,,,,,,,,,,,,,,,,,,,,,,,,,,,,,,,,,,,
AMZN,bi,2500,1,4528,3,1,2.7278148770332336,52,"Share Price,ad,adosc,adx,adxr,apo,aroon,aroonosc,bbands,bop,cci,cmo,dema,dx,ema,ht_dcperiod,ht_dcphase,ht_phasor,ht_sine,ht_trendline,ht_trendmode,kama,macd,macdext,mama,mfi,midpoint,midprice,minus_di,minus_dm,mom,natr,obv,plus_di,plus_dm,ppo,roc,rocr,rsi,sar,sma,stoch,stochf,stochrsi,t3,tema,trange,trima,trix,ultsoc,willr,wma",2019-03-06,01/01/2000,01/01/2018,01/01/2019,AMZN_bi_nlag3_nseq1_e2500_b4528_n1_ind52_train01-01-2000_trainendteststart01-01-2018_testend01-01-2019,0.4103585657370518,0.01725621277007069,37.553132205986955,,,,,,,,,,,,,,,,,,,,,,,,,,,,,,,,,,,,,,,,,,,,,,,,,,,,,,,,,,,,,,,,,,,,,,,,,,,,,,,,,,,,,,,
AMZN,cnn,2500,1,4528,3,1,3.1810895562171937,52,"Share Price,ad,adosc,adx,adxr,apo,aroon,aroonosc,bbands,bop,cci,cmo,dema,dx,ema,ht_dcperiod,ht_dcphase,ht_phasor,ht_sine,ht_trendline,ht_trendmode,kama,macd,macdext,mama,mfi,midpoint,midprice,minus_di,minus_dm,mom,natr,obv,plus_di,plus_dm,ppo,roc,rocr,rsi,sar,sma,stoch,stochf,stochrsi,t3,tema,trange,trima,trix,ultsoc,willr,wma",2019-03-06,01/01/2000,01/01/2018,01/01/2019,AMZN_cnn_nlag3_nseq1_e2500_b4528_n1_ind52_train01-01-2000_trainendteststart01-01-2018_testend01-01-2019,0.49800796812749004,0.0164457823704178,36.397831429070166,,,,,,,,,,,,,,,,,,,,,,,,,,,,,,,,,,,,,,,,,,,,,,,,,,,,,,,,,,,,,,,,,,,,,,,,,,,,,,,,,,,,,,,
AMZN,conv,2500,1,4528,3,1,17.33041480779648,52,"Share Price,ad,adosc,adx,adxr,apo,aroon,aroonosc,bbands,bop,cci,cmo,dema,dx,ema,ht_dcperiod,ht_dcphase,ht_phasor,ht_sine,ht_trendline,ht_trendmode,kama,macd,macdext,mama,mfi,midpoint,midprice,minus_di,minus_dm,mom,natr,obv,plus_di,plus_dm,ppo,roc,rocr,rsi,sar,sma,stoch,stochf,stochrsi,t3,tema,trange,trima,trix,ultsoc,willr,wma",2019-03-06,01/01/2000,01/01/2018,01/01/2019,AMZN_conv_nlag3_nseq1_e2500_b4528_n1_ind52_train01-01-2000_trainendteststart01-01-2018_testend01-01-2019,0.5617529880478087,0.016816647561224952,38.35086218310659,,,,,,,,,,,,,,,,,,,,,,,,,,,,,,,,,,,,,,,,,,,,,,,,,,,,,,,,,,,,,,,,,,,,,,,,,,,,,,,,,,,,,,,
AMZN,vanilla,2500,1,4528,3,3,1.8753139177958171,52,"Share Price,ad,adosc,adx,adxr,apo,aroon,aroonosc,bbands,bop,cci,cmo,dema,dx,ema,ht_dcperiod,ht_dcphase,ht_phasor,ht_sine,ht_trendline,ht_trendmode,kama,macd,macdext,mama,mfi,midpoint,midprice,minus_di,minus_dm,mom,natr,obv,plus_di,plus_dm,ppo,roc,rocr,rsi,sar,sma,stoch,stochf,stochrsi,t3,tema,trange,trima,trix,ultsoc,willr,wma",2019-03-06,01/01/2000,01/01/2018,01/01/2019,AMZN_vanilla_nlag3_nseq3_e2500_b4528_n1_ind52_train01-01-2000_trainendteststart01-01-2018_testend01-01-2019,0.5697211155378487,0.016523323615655998,39.38015094865066,0.5139442231075697,0.025974576385963104,61.992251820607756,0.5099601593625498,0.033293428995126245,79.90850682146485,,,,,,,,,,,,,,,,,,,,,,,,,,,,,,,,,,,,,,,,,,,,,,,,,,,,,,,,,,,,,,,,,,,,,,,,,,,,,,,,,
AMZN,stacked,2500,1,4528,3,3,2.7444361050923667,52,"Share Price,ad,adosc,adx,adxr,apo,aroon,aroonosc,bbands,bop,cci,cmo,dema,dx,ema,ht_dcperiod,ht_dcphase,ht_phasor,ht_sine,ht_trendline,ht_trendmode,kama,macd,macdext,mama,mfi,midpoint,midprice,minus_di,minus_dm,mom,natr,obv,plus_di,plus_dm,ppo,roc,rocr,rsi,sar,sma,stoch,stochf,stochrsi,t3,tema,trange,trima,trix,ultsoc,willr,wma",2019-03-06,01/01/2000,01/01/2018,01/01/2019,AMZN_stacked_nlag3_nseq3_e2500_b4528_n1_ind52_train01-01-2000_trainendteststart01-01-2018_testend01-01-2019,0.5976095617529881,0.015883719546263993,36.65752322338326,0.4900398406374502,0.02267837106047739,50.35003293163178,0.4342629482071713,0.028444337172567485,61.09129194720987,,,,,,,,,,,,,,,,,,,,,,,,,,,,,,,,,,,,,,,,,,,,,,,,,,,,,,,,,,,,,,,,,,,,,,,,,,,,,,,,,
AMZN,bi,2500,1,4528,3,3,2.847830315430959,52,"Share Price,ad,adosc,adx,adxr,apo,aroon,aroonosc,bbands,bop,cci,cmo,dema,dx,ema,ht_dcperiod,ht_dcphase,ht_phasor,ht_sine,ht_trendline,ht_trendmode,kama,macd,macdext,mama,mfi,midpoint,midprice,minus_di,minus_dm,mom,natr,obv,plus_di,plus_dm,ppo,roc,rocr,rsi,sar,sma,stoch,stochf,stochrsi,t3,tema,trange,trima,trix,ultsoc,willr,wma",2019-03-06,01/01/2000,01/01/2018,01/01/2019,AMZN_bi_nlag3_nseq3_e2500_b4528_n1_ind52_train01-01-2000_trainendteststart01-01-2018_testend01-01-2019,0.41434262948207173,0.017125081734437955,37.48611136460097,0.47410358565737054,0.02430264752668301,51.51450343976459,0.4103585657370518,0.031205814606435244,63.41920770569327,,,,,,,,,,,,,,,,,,,,,,,,,,,,,,,,,,,,,,,,,,,,,,,,,,,,,,,,,,,,,,,,,,,,,,,,,,,,,,,,,
AMZN,cnn,2500,1,4528,3,3,3.1289957483609516,52,"Share Price,ad,adosc,adx,adxr,apo,aroon,aroonosc,bbands,bop,cci,cmo,dema,dx,ema,ht_dcperiod,ht_dcphase,ht_phasor,ht_sine,ht_trendline,ht_trendmode,kama,macd,macdext,mama,mfi,midpoint,midprice,minus_di,minus_dm,mom,natr,obv,plus_di,plus_dm,ppo,roc,rocr,rsi,sar,sma,stoch,stochf,stochrsi,t3,tema,trange,trima,trix,ultsoc,willr,wma",2019-03-06,01/01/2000,01/01/2018,01/01/2019,AMZN_cnn_nlag3_nseq3_e2500_b4528_n1_ind52_train01-01-2000_trainendteststart01-01-2018_testend01-01-2019,0.5816733067729084,0.016018569569286836,37.01923582201061,0.4701195219123506,0.023088527675760695,50.759660242699155,0.4302788844621514,0.029157769732502413,61.99704354503641,,,,,,,,,,,,,,,,,,,,,,,,,,,,,,,,,,,,,,,,,,,,,,,,,,,,,,,,,,,,,,,,,,,,,,,,,,,,,,,,,
AMZN,conv,2500,1,4528,3,3,17.698318727811177,52,"Share Price,ad,adosc,adx,adxr,apo,aroon,aroonosc,bbands,bop,cci,cmo,dema,dx,ema,ht_dcperiod,ht_dcphase,ht_phasor,ht_sine,ht_trendline,ht_trendmode,kama,macd,macdext,mama,mfi,midpoint,midprice,minus_di,minus_dm,mom,natr,obv,plus_di,plus_dm,ppo,roc,rocr,rsi,sar,sma,stoch,stochf,stochrsi,t3,tema,trange,trima,trix,ultsoc,willr,wma",2019-03-06,01/01/2000,01/01/2018,01/01/2019,AMZN_conv_nlag3_nseq3_e2500_b4528_n1_ind52_train01-01-2000_trainendteststart01-01-2018_testend01-01-2019,0.5378486055776892,0.016314849111279332,37.19362611577574,0.49800796812749004,0.022814386939061675,50.74221863605296,0.41434262948207173,0.028741512885116404,61.477157307408845,,,,,,,,,,,,,,,,,,,,,,,,,,,,,,,,,,,,,,,,,,,,,,,,,,,,,,,,,,,,,,,,,,,,,,,,,,,,,,,,,
AMZN,vanilla,2500,1,4528,5,1,2.633599905172984,52,"Share Price,ad,adosc,adx,adxr,apo,aroon,aroonosc,bbands,bop,cci,cmo,dema,dx,ema,ht_dcperiod,ht_dcphase,ht_phasor,ht_sine,ht_trendline,ht_trendmode,kama,macd,macdext,mama,mfi,midpoint,midprice,minus_di,minus_dm,mom,natr,obv,plus_di,plus_dm,ppo,roc,rocr,rsi,sar,sma,stoch,stochf,stochrsi,t3,tema,trange,trima,trix,ultsoc,willr,wma",2019-03-06,01/01/2000,01/01/2018,01/01/2019,AMZN_vanilla_nlag5_nseq1_e2500_b4528_n1_ind52_train01-01-2000_trainendteststart01-01-2018_testend01-01-2019,0.5298804780876494,0.016128946708710026,36.62972006450135,,,,,,,,,,,,,,,,,,,,,,,,,,,,,,,,,,,,,,,,,,,,,,,,,,,,,,,,,,,,,,,,,,,,,,,,,,,,,,,,,,,,,,,
AMZN,stacked,2500,1,4528,5,1,4.120287613073985,52,"Share Price,ad,adosc,adx,adxr,apo,aroon,aroonosc,bbands,bop,cci,cmo,dema,dx,ema,ht_dcperiod,ht_dcphase,ht_phasor,ht_sine,ht_trendline,ht_trendmode,kama,macd,macdext,mama,mfi,midpoint,midprice,minus_di,minus_dm,mom,natr,obv,plus_di,plus_dm,ppo,roc,rocr,rsi,sar,sma,stoch,stochf,stochrsi,t3,tema,trange,trima,trix,ultsoc,willr,wma",2019-03-06,01/01/2000,01/01/2018,01/01/2019,AMZN_stacked_nlag5_nseq1_e2500_b4528_n1_ind52_train01-01-2000_trainendteststart01-01-2018_testend01-01-2019,0.5856573705179283,0.016339036681558033,38.41173212718451,,,,,,,,,,,,,,,,,,,,,,,,,,,,,,,,,,,,,,,,,,,,,,,,,,,,,,,,,,,,,,,,,,,,,,,,,,,,,,,,,,,,,,,
AMZN,bi,2500,1,4528,5,1,4.539064514636993,52,"Share Price,ad,adosc,adx,adxr,apo,aroon,aroonosc,bbands,bop,cci,cmo,dema,dx,ema,ht_dcperiod,ht_dcphase,ht_phasor,ht_sine,ht_trendline,ht_trendmode,kama,macd,macdext,mama,mfi,midpoint,midprice,minus_di,minus_dm,mom,natr,obv,plus_di,plus_dm,ppo,roc,rocr,rsi,sar,sma,stoch,stochf,stochrsi,t3,tema,trange,trima,trix,ultsoc,willr,wma",2019-03-06,01/01/2000,01/01/2018,01/01/2019,AMZN_bi_nlag5_nseq1_e2500_b4528_n1_ind52_train01-01-2000_trainendteststart01-01-2018_testend01-01-2019,0.4701195219123506,0.016266942968407732,36.813949699257776,,,,,,,,,,,,,,,,,,,,,,,,,,,,,,,,,,,,,,,,,,,,,,,,,,,,,,,,,,,,,,,,,,,,,,,,,,,,,,,,,,,,,,,
AMZN,cnn,2500,1,4528,5,1,4.346649392445882,52,"Share Price,ad,adosc,adx,adxr,apo,aroon,aroonosc,bbands,bop,cci,cmo,dema,dx,ema,ht_dcperiod,ht_dcphase,ht_phasor,ht_sine,ht_trendline,ht_trendmode,kama,macd,macdext,mama,mfi,midpoint,midprice,minus_di,minus_dm,mom,natr,obv,plus_di,plus_dm,ppo,roc,rocr,rsi,sar,sma,stoch,stochf,stochrsi,t3,tema,trange,trima,trix,ultsoc,willr,wma",2019-03-06,01/01/2000,01/01/2018,01/01/2019,AMZN_cnn_nlag5_nseq1_e2500_b4528_n1_ind52_train01-01-2000_trainendteststart01-01-2018_testend01-01-2019,0.5537848605577689,0.016204240043812584,36.80335270682948,,,,,,,,,,,,,,,,,,,,,,,,,,,,,,,,,,,,,,,,,,,,,,,,,,,,,,,,,,,,,,,,,,,,,,,,,,,,,,,,,,,,,,,
AMZN,conv,2500,1,4528,5,1,18.901014188925426,52,"Share Price,ad,adosc,adx,adxr,apo,aroon,aroonosc,bbands,bop,cci,cmo,dema,dx,ema,ht_dcperiod,ht_dcphase,ht_phasor,ht_sine,ht_trendline,ht_trendmode,kama,macd,macdext,mama,mfi,midpoint,midprice,minus_di,minus_dm,mom,natr,obv,plus_di,plus_dm,ppo,roc,rocr,rsi,sar,sma,stoch,stochf,stochrsi,t3,tema,trange,trima,trix,ultsoc,willr,wma",2019-03-06,01/01/2000,01/01/2018,01/01/2019,AMZN_conv_nlag5_nseq1_e2500_b4528_n1_ind52_train01-01-2000_trainendteststart01-01-2018_testend01-01-2019,0.545816733067729,0.017490110888159098,38.83663953449958,,,,,,,,,,,,,,,,,,,,,,,,,,,,,,,,,,,,,,,,,,,,,,,,,,,,,,,,,,,,,,,,,,,,,,,,,,,,,,,,,,,,,,,
AMZN,vanilla,2500,1,4528,5,3,2.9668090462684633,52,"Share Price,ad,adosc,adx,adxr,apo,aroon,aroonosc,bbands,bop,cci,cmo,dema,dx,ema,ht_dcperiod,ht_dcphase,ht_phasor,ht_sine,ht_trendline,ht_trendmode,kama,macd,macdext,mama,mfi,midpoint,midprice,minus_di,minus_dm,mom,natr,obv,plus_di,plus_dm,ppo,roc,rocr,rsi,sar,sma,stoch,stochf,stochrsi,t3,tema,trange,trima,trix,ultsoc,willr,wma",2019-03-06,01/01/2000,01/01/2018,01/01/2019,AMZN_vanilla_nlag5_nseq3_e2500_b4528_n1_ind52_train01-01-2000_trainendteststart01-01-2018_testend01-01-2019,0.5816733067729084,0.01592991298950001,36.88468842212978,0.5179282868525896,0.02255179245788371,51.11531571969148,0.4701195219123506,0.028332172698690983,62.84068867017264,,,,,,,,,,,,,,,,,,,,,,,,,,,,,,,,,,,,,,,,,,,,,,,,,,,,,,,,,,,,,,,,,,,,,,,,,,,,,,,,,
AMZN,stacked,2500,1,4528,5,3,4.517177287737528,52,"Share Price,ad,adosc,adx,adxr,apo,aroon,aroonosc,bbands,bop,cci,cmo,dema,dx,ema,ht_dcperiod,ht_dcphase,ht_phasor,ht_sine,ht_trendline,ht_trendmode,kama,macd,macdext,mama,mfi,midpoint,midprice,minus_di,minus_dm,mom,natr,obv,plus_di,plus_dm,ppo,roc,rocr,rsi,sar,sma,stoch,stochf,stochrsi,t3,tema,trange,trima,trix,ultsoc,willr,wma",2019-03-06,01/01/2000,01/01/2018,01/01/2019,AMZN_stacked_nlag5_nseq3_e2500_b4528_n1_ind52_train01-01-2000_trainendteststart01-01-2018_testend01-01-2019,0.5697211155378487,0.01611134891972605,36.77730130894436,0.47808764940239046,0.023100154488754507,50.77547972620583,0.43824701195219123,0.029262339506154728,61.69934233522364,,,,,,,,,,,,,,,,,,,,,,,,,,,,,,,,,,,,,,,,,,,,,,,,,,,,,,,,,,,,,,,,,,,,,,,,,,,,,,,,,
AMZN,bi,2500,1,4528,5,3,4.740252363681793,52,"Share Price,ad,adosc,adx,adxr,apo,aroon,aroonosc,bbands,bop,cci,cmo,dema,dx,ema,ht_dcperiod,ht_dcphase,ht_phasor,ht_sine,ht_trendline,ht_trendmode,kama,macd,macdext,mama,mfi,midpoint,midprice,minus_di,minus_dm,mom,natr,obv,plus_di,plus_dm,ppo,roc,rocr,rsi,sar,sma,stoch,stochf,stochrsi,t3,tema,trange,trima,trix,ultsoc,willr,wma",2019-03-06,01/01/2000,01/01/2018,01/01/2019,AMZN_bi_nlag5_nseq3_e2500_b4528_n1_ind52_train01-01-2000_trainendteststart01-01-2018_testend01-01-2019,0.5219123505976095,0.016173971446994735,37.020156217621775,0.47410358565737054,0.023191181162317463,50.67068409548707,0.4342629482071713,0.029256572167563163,62.00118721958186,,,,,,,,,,,,,,,,,,,,,,,,,,,,,,,,,,,,,,,,,,,,,,,,,,,,,,,,,,,,,,,,,,,,,,,,,,,,,,,,,
AMZN,cnn,2500,1,4528,5,3,4.481642373402914,52,"Share Price,ad,adosc,adx,adxr,apo,aroon,aroonosc,bbands,bop,cci,cmo,dema,dx,ema,ht_dcperiod,ht_dcphase,ht_phasor,ht_sine,ht_trendline,ht_trendmode,kama,macd,macdext,mama,mfi,midpoint,midprice,minus_di,minus_dm,mom,natr,obv,plus_di,plus_dm,ppo,roc,rocr,rsi,sar,sma,stoch,stochf,stochrsi,t3,tema,trange,trima,trix,ultsoc,willr,wma",2019-03-06,01/01/2000,01/01/2018,01/01/2019,AMZN_cnn_nlag5_nseq3_e2500_b4528_n1_ind52_train01-01-2000_trainendteststart01-01-2018_testend01-01-2019,0.4900398406374502,0.016150533613479394,36.793934797175744,0.47808764940239046,0.022964170268002477,50.53737894335603,0.42231075697211157,0.028942409500605556,61.44426878680851,,,,,,,,,,,,,,,,,,,,,,,,,,,,,,,,,,,,,,,,,,,,,,,,,,,,,,,,,,,,,,,,,,,,,,,,,,,,,,,,,
AMZN,conv,2500,1,4528,5,3,20.721503615379333,52,"Share Price,ad,adosc,adx,adxr,apo,aroon,aroonosc,bbands,bop,cci,cmo,dema,dx,ema,ht_dcperiod,ht_dcphase,ht_phasor,ht_sine,ht_trendline,ht_trendmode,kama,macd,macdext,mama,mfi,midpoint,midprice,minus_di,minus_dm,mom,natr,obv,plus_di,plus_dm,ppo,roc,rocr,rsi,sar,sma,stoch,stochf,stochrsi,t3,tema,trange,trima,trix,ultsoc,willr,wma",2019-03-06,01/01/2000,01/01/2018,01/01/2019,AMZN_conv_nlag5_nseq3_e2500_b4528_n1_ind52_train01-01-2000_trainendteststart01-01-2018_testend01-01-2019,0.5219123505976095,0.017067624904997712,38.23920877524117,0.4940239043824701,0.023882430722561934,52.94320434744232,0.41434262948207173,0.030131037290224066,63.007557810819144,,,,,,,,,,,,,,,,,,,,,,,,,,,,,,,,,,,,,,,,,,,,,,,,,,,,,,,,,,,,,,,,,,,,,,,,,,,,,,,,,
AMZN,vanilla,2500,2,4528,3,1,2.9797120690345764,52,"Share Price,ad,adosc,adx,adxr,apo,aroon,aroonosc,bbands,bop,cci,cmo,dema,dx,ema,ht_dcperiod,ht_dcphase,ht_phasor,ht_sine,ht_trendline,ht_trendmode,kama,macd,macdext,mama,mfi,midpoint,midprice,minus_di,minus_dm,mom,natr,obv,plus_di,plus_dm,ppo,roc,rocr,rsi,sar,sma,stoch,stochf,stochrsi,t3,tema,trange,trima,trix,ultsoc,willr,wma",2019-03-06,01/01/2000,01/01/2018,01/01/2019,AMZN_vanilla_nlag3_nseq1_e2500_b4528_n2_ind52_train01-01-2000_trainendteststart01-01-2018_testend01-01-2019,0.5776892430278885,0.016973501575048743,39.35093782582578,,,,,,,,,,,,,,,,,,,,,,,,,,,,,,,,,,,,,,,,,,,,,,,,,,,,,,,,,,,,,,,,,,,,,,,,,,,,,,,,,,,,,,,
AMZN,stacked,2500,2,4528,3,1,4.598410725593567,52,"Share Price,ad,adosc,adx,adxr,apo,aroon,aroonosc,bbands,bop,cci,cmo,dema,dx,ema,ht_dcperiod,ht_dcphase,ht_phasor,ht_sine,ht_trendline,ht_trendmode,kama,macd,macdext,mama,mfi,midpoint,midprice,minus_di,minus_dm,mom,natr,obv,plus_di,plus_dm,ppo,roc,rocr,rsi,sar,sma,stoch,stochf,stochrsi,t3,tema,trange,trima,trix,ultsoc,willr,wma",2019-03-06,01/01/2000,01/01/2018,01/01/2019,AMZN_stacked_nlag3_nseq1_e2500_b4528_n2_ind52_train01-01-2000_trainendteststart01-01-2018_testend01-01-2019,0.5816733067729084,0.01592102710546001,36.710172953502095,,,,,,,,,,,,,,,,,,,,,,,,,,,,,,,,,,,,,,,,,,,,,,,,,,,,,,,,,,,,,,,,,,,,,,,,,,,,,,,,,,,,,,,
AMZN,bi,2500,2,4528,3,1,4.635581195354462,52,"Share Price,ad,adosc,adx,adxr,apo,aroon,aroonosc,bbands,bop,cci,cmo,dema,dx,ema,ht_dcperiod,ht_dcphase,ht_phasor,ht_sine,ht_trendline,ht_trendmode,kama,macd,macdext,mama,mfi,midpoint,midprice,minus_di,minus_dm,mom,natr,obv,plus_di,plus_dm,ppo,roc,rocr,rsi,sar,sma,stoch,stochf,stochrsi,t3,tema,trange,trima,trix,ultsoc,willr,wma",2019-03-06,01/01/2000,01/01/2018,01/01/2019,AMZN_bi_nlag3_nseq1_e2500_b4528_n2_ind52_train01-01-2000_trainendteststart01-01-2018_testend01-01-2019,0.43824701195219123,0.01859562713604866,38.927430135710075,,,,,,,,,,,,,,,,,,,,,,,,,,,,,,,,,,,,,,,,,,,,,,,,,,,,,,,,,,,,,,,,,,,,,,,,,,,,,,,,,,,,,,,
AMZN,cnn,2500,2,4528,3,1,4.1085832715034485,52,"Share Price,ad,adosc,adx,adxr,apo,aroon,aroonosc,bbands,bop,cci,cmo,dema,dx,ema,ht_dcperiod,ht_dcphase,ht_phasor,ht_sine,ht_trendline,ht_trendmode,kama,macd,macdext,mama,mfi,midpoint,midprice,minus_di,minus_dm,mom,natr,obv,plus_di,plus_dm,ppo,roc,rocr,rsi,sar,sma,stoch,stochf,stochrsi,t3,tema,trange,trima,trix,ultsoc,willr,wma",2019-03-06,01/01/2000,01/01/2018,01/01/2019,AMZN_cnn_nlag3_nseq1_e2500_b4528_n2_ind52_train01-01-2000_trainendteststart01-01-2018_testend01-01-2019,0.5816733067729084,0.016042154169625723,36.96986467227616,,,,,,,,,,,,,,,,,,,,,,,,,,,,,,,,,,,,,,,,,,,,,,,,,,,,,,,,,,,,,,,,,,,,,,,,,,,,,,,,,,,,,,,
AMZN,conv,2500,2,4528,3,1,17.88841269016266,52,"Share Price,ad,adosc,adx,adxr,apo,aroon,aroonosc,bbands,bop,cci,cmo,dema,dx,ema,ht_dcperiod,ht_dcphase,ht_phasor,ht_sine,ht_trendline,ht_trendmode,kama,macd,macdext,mama,mfi,midpoint,midprice,minus_di,minus_dm,mom,natr,obv,plus_di,plus_dm,ppo,roc,rocr,rsi,sar,sma,stoch,stochf,stochrsi,t3,tema,trange,trima,trix,ultsoc,willr,wma",2019-03-06,01/01/2000,01/01/2018,01/01/2019,AMZN_conv_nlag3_nseq1_e2500_b4528_n2_ind52_train01-01-2000_trainendteststart01-01-2018_testend01-01-2019,0.5378486055776892,0.01743112412494285,38.96337528567372,,,,,,,,,,,,,,,,,,,,,,,,,,,,,,,,,,,,,,,,,,,,,,,,,,,,,,,,,,,,,,,,,,,,,,,,,,,,,,,,,,,,,,,
AMZN,vanilla,2500,2,4528,3,3,3.092588563760122,52,"Share Price,ad,adosc,adx,adxr,apo,aroon,aroonosc,bbands,bop,cci,cmo,dema,dx,ema,ht_dcperiod,ht_dcphase,ht_phasor,ht_sine,ht_trendline,ht_trendmode,kama,macd,macdext,mama,mfi,midpoint,midprice,minus_di,minus_dm,mom,natr,obv,plus_di,plus_dm,ppo,roc,rocr,rsi,sar,sma,stoch,stochf,stochrsi,t3,tema,trange,trima,trix,ultsoc,willr,wma",2019-03-06,01/01/2000,01/01/2018,01/01/2019,AMZN_vanilla_nlag3_nseq3_e2500_b4528_n2_ind52_train01-01-2000_trainendteststart01-01-2018_testend01-01-2019,0.5697211155378487,0.01661826671275034,38.328203458847106,0.5776892430278885,0.023300755603765246,53.40849839165247,0.5537848605577689,0.031593969612225055,69.89871485171064,,,,,,,,,,,,,,,,,,,,,,,,,,,,,,,,,,,,,,,,,,,,,,,,,,,,,,,,,,,,,,,,,,,,,,,,,,,,,,,,,
AMZN,stacked,2500,2,4528,3,3,4.657542069753011,52,"Share Price,ad,adosc,adx,adxr,apo,aroon,aroonosc,bbands,bop,cci,cmo,dema,dx,ema,ht_dcperiod,ht_dcphase,ht_phasor,ht_sine,ht_trendline,ht_trendmode,kama,macd,macdext,mama,mfi,midpoint,midprice,minus_di,minus_dm,mom,natr,obv,plus_di,plus_dm,ppo,roc,rocr,rsi,sar,sma,stoch,stochf,stochrsi,t3,tema,trange,trima,trix,ultsoc,willr,wma",2019-03-06,01/01/2000,01/01/2018,01/01/2019,AMZN_stacked_nlag3_nseq3_e2500_b4528_n2_ind52_train01-01-2000_trainendteststart01-01-2018_testend01-01-2019,0.5378486055776892,0.016130999020383698,36.71576484290165,0.4701195219123506,0.02310382822539137,50.65763603558531,0.43824701195219123,0.029178720934331187,61.646287267330116,,,,,,,,,,,,,,,,,,,,,,,,,,,,,,,,,,,,,,,,,,,,,,,,,,,,,,,,,,,,,,,,,,,,,,,,,,,,,,,,,
AMZN,bi,2500,2,4528,3,3,4.68705735206604,52,"Share Price,ad,adosc,adx,adxr,apo,aroon,aroonosc,bbands,bop,cci,cmo,dema,dx,ema,ht_dcperiod,ht_dcphase,ht_phasor,ht_sine,ht_trendline,ht_trendmode,kama,macd,macdext,mama,mfi,midpoint,midprice,minus_di,minus_dm,mom,natr,obv,plus_di,plus_dm,ppo,roc,rocr,rsi,sar,sma,stoch,stochf,stochrsi,t3,tema,trange,trima,trix,ultsoc,willr,wma",2019-03-06,01/01/2000,01/01/2018,01/01/2019,AMZN_bi_nlag3_nseq3_e2500_b4528_n2_ind52_train01-01-2000_trainendteststart01-01-2018_testend01-01-2019,0.4103585657370518,0.018198844146872416,39.04175962402448,0.4262948207171315,0.03189325471152446,63.392898058938925,0.4063745019920319,0.03933391207296847,77.35136852663602,,,,,,,,,,,,,,,,,,,,,,,,,,,,,,,,,,,,,,,,,,,,,,,,,,,,,,,,,,,,,,,,,,,,,,,,,,,,,,,,,
AMZN,cnn,2500,2,4528,3,3,4.0920042554537455,52,"Share Price,ad,adosc,adx,adxr,apo,aroon,aroonosc,bbands,bop,cci,cmo,dema,dx,ema,ht_dcperiod,ht_dcphase,ht_phasor,ht_sine,ht_trendline,ht_trendmode,kama,macd,macdext,mama,mfi,midpoint,midprice,minus_di,minus_dm,mom,natr,obv,plus_di,plus_dm,ppo,roc,rocr,rsi,sar,sma,stoch,stochf,stochrsi,t3,tema,trange,trima,trix,ultsoc,willr,wma",2019-03-06,01/01/2000,01/01/2018,01/01/2019,AMZN_cnn_nlag3_nseq3_e2500_b4528_n2_ind52_train01-01-2000_trainendteststart01-01-2018_testend01-01-2019,0.5776892430278885,0.01606288654319706,37.08199103732622,0.4860557768924303,0.022699983586927555,50.40739021686643,0.4262948207171315,0.028793172901888948,61.56559900682355,,,,,,,,,,,,,,,,,,,,,,,,,,,,,,,,,,,,,,,,,,,,,,,,,,,,,,,,,,,,,,,,,,,,,,,,,,,,,,,,,
AMZN,conv,2500,2,4528,3,3,18.314356593290963,52,"Share Price,ad,adosc,adx,adxr,apo,aroon,aroonosc,bbands,bop,cci,cmo,dema,dx,ema,ht_dcperiod,ht_dcphase,ht_phasor,ht_sine,ht_trendline,ht_trendmode,kama,macd,macdext,mama,mfi,midpoint,midprice,minus_di,minus_dm,mom,natr,obv,plus_di,plus_dm,ppo,roc,rocr,rsi,sar,sma,stoch,stochf,stochrsi,t3,tema,trange,trima,trix,ultsoc,willr,wma",2019-03-06,01/01/2000,01/01/2018,01/01/2019,AMZN_conv_nlag3_nseq3_e2500_b4528_n2_ind52_train01-01-2000_trainendteststart01-01-2018_testend01-01-2019,0.5139442231075697,0.016394798083112196,37.13263056829802,0.49800796812749004,0.02280278366446679,51.13745729836237,0.4581673306772908,0.02868033910132133,61.70301558047317,,,,,,,,,,,,,,,,,,,,,,,,,,,,,,,,,,,,,,,,,,,,,,,,,,,,,,,,,,,,,,,,,,,,,,,,,,,,,,,,,
AMZN,vanilla,2500,2,4528,5,1,4.641370383898417,52,"Share Price,ad,adosc,adx,adxr,apo,aroon,aroonosc,bbands,bop,cci,cmo,dema,dx,ema,ht_dcperiod,ht_dcphase,ht_phasor,ht_sine,ht_trendline,ht_trendmode,kama,macd,macdext,mama,mfi,midpoint,midprice,minus_di,minus_dm,mom,natr,obv,plus_di,plus_dm,ppo,roc,rocr,rsi,sar,sma,stoch,stochf,stochrsi,t3,tema,trange,trima,trix,ultsoc,willr,wma",2019-03-06,01/01/2000,01/01/2018,01/01/2019,AMZN_vanilla_nlag5_nseq1_e2500_b4528_n2_ind52_train01-01-2000_trainendteststart01-01-2018_testend01-01-2019,0.545816733067729,0.01634406035291904,37.543345015415255,,,,,,,,,,,,,,,,,,,,,,,,,,,,,,,,,,,,,,,,,,,,,,,,,,,,,,,,,,,,,,,,,,,,,,,,,,,,,,,,,,,,,,,
AMZN,stacked,2500,2,4528,5,1,7.033040388425191,52,"Share Price,ad,adosc,adx,adxr,apo,aroon,aroonosc,bbands,bop,cci,cmo,dema,dx,ema,ht_dcperiod,ht_dcphase,ht_phasor,ht_sine,ht_trendline,ht_trendmode,kama,macd,macdext,mama,mfi,midpoint,midprice,minus_di,minus_dm,mom,natr,obv,plus_di,plus_dm,ppo,roc,rocr,rsi,sar,sma,stoch,stochf,stochrsi,t3,tema,trange,trima,trix,ultsoc,willr,wma",2019-03-06,01/01/2000,01/01/2018,01/01/2019,AMZN_stacked_nlag5_nseq1_e2500_b4528_n2_ind52_train01-01-2000_trainendteststart01-01-2018_testend01-01-2019,0.5976095617529881,0.01611586239706175,37.55813738152206,,,,,,,,,,,,,,,,,,,,,,,,,,,,,,,,,,,,,,,,,,,,,,,,,,,,,,,,,,,,,,,,,,,,,,,,,,,,,,,,,,,,,,,
AMZN,bi,2500,2,4528,5,1,7.266580629348755,52,"Share Price,ad,adosc,adx,adxr,apo,aroon,aroonosc,bbands,bop,cci,cmo,dema,dx,ema,ht_dcperiod,ht_dcphase,ht_phasor,ht_sine,ht_trendline,ht_trendmode,kama,macd,macdext,mama,mfi,midpoint,midprice,minus_di,minus_dm,mom,natr,obv,plus_di,plus_dm,ppo,roc,rocr,rsi,sar,sma,stoch,stochf,stochrsi,t3,tema,trange,trima,trix,ultsoc,willr,wma",2019-03-06,01/01/2000,01/01/2018,01/01/2019,AMZN_bi_nlag5_nseq1_e2500_b4528_n2_ind52_train01-01-2000_trainendteststart01-01-2018_testend01-01-2019,0.398406374501992,0.016832456463731316,37.49771227811908,,,,,,,,,,,,,,,,,,,,,,,,,,,,,,,,,,,,,,,,,,,,,,,,,,,,,,,,,,,,,,,,,,,,,,,,,,,,,,,,,,,,,,,
AMZN,cnn,2500,2,4528,5,1,5.9340047915776575,52,"Share Price,ad,adosc,adx,adxr,apo,aroon,aroonosc,bbands,bop,cci,cmo,dema,dx,ema,ht_dcperiod,ht_dcphase,ht_phasor,ht_sine,ht_trendline,ht_trendmode,kama,macd,macdext,mama,mfi,midpoint,midprice,minus_di,minus_dm,mom,natr,obv,plus_di,plus_dm,ppo,roc,rocr,rsi,sar,sma,stoch,stochf,stochrsi,t3,tema,trange,trima,trix,ultsoc,willr,wma",2019-03-06,01/01/2000,01/01/2018,01/01/2019,AMZN_cnn_nlag5_nseq1_e2500_b4528_n2_ind52_train01-01-2000_trainendteststart01-01-2018_testend01-01-2019,0.5816733067729084,0.015970947521468083,36.54890398464703,,,,,,,,,,,,,,,,,,,,,,,,,,,,,,,,,,,,,,,,,,,,,,,,,,,,,,,,,,,,,,,,,,,,,,,,,,,,,,,,,,,,,,,
AMZN,conv,2500,2,4528,5,1,19.71577521165212,52,"Share Price,ad,adosc,adx,adxr,apo,aroon,aroonosc,bbands,bop,cci,cmo,dema,dx,ema,ht_dcperiod,ht_dcphase,ht_phasor,ht_sine,ht_trendline,ht_trendmode,kama,macd,macdext,mama,mfi,midpoint,midprice,minus_di,minus_dm,mom,natr,obv,plus_di,plus_dm,ppo,roc,rocr,rsi,sar,sma,stoch,stochf,stochrsi,t3,tema,trange,trima,trix,ultsoc,willr,wma",2019-03-06,01/01/2000,01/01/2018,01/01/2019,AMZN_conv_nlag5_nseq1_e2500_b4528_n2_ind52_train01-01-2000_trainendteststart01-01-2018_testend01-01-2019,0.4900398406374502,0.018348055420718778,40.561131901879456,,,,,,,,,,,,,,,,,,,,,,,,,,,,,,,,,,,,,,,,,,,,,,,,,,,,,,,,,,,,,,,,,,,,,,,,,,,,,,,,,,,,,,,
AMZN,vanilla,2500,2,4528,5,3,4.971933448314667,52,"Share Price,ad,adosc,adx,adxr,apo,aroon,aroonosc,bbands,bop,cci,cmo,dema,dx,ema,ht_dcperiod,ht_dcphase,ht_phasor,ht_sine,ht_trendline,ht_trendmode,kama,macd,macdext,mama,mfi,midpoint,midprice,minus_di,minus_dm,mom,natr,obv,plus_di,plus_dm,ppo,roc,rocr,rsi,sar,sma,stoch,stochf,stochrsi,t3,tema,trange,trima,trix,ultsoc,willr,wma",2019-03-06,01/01/2000,01/01/2018,01/01/2019,AMZN_vanilla_nlag5_nseq3_e2500_b4528_n2_ind52_train01-01-2000_trainendteststart01-01-2018_testend01-01-2019,0.41832669322709165,0.016760791157681754,37.5760206430207,0.5179282868525896,0.023524041266079175,52.90080660055775,0.4262948207171315,0.02955975310868641,64.2935651360167,,,,,,,,,,,,,,,,,,,,,,,,,,,,,,,,,,,,,,,,,,,,,,,,,,,,,,,,,,,,,,,,,,,,,,,,,,,,,,,,,
AMZN,stacked,2500,2,4528,5,3,7.2889139970143635,52,"Share Price,ad,adosc,adx,adxr,apo,aroon,aroonosc,bbands,bop,cci,cmo,dema,dx,ema,ht_dcperiod,ht_dcphase,ht_phasor,ht_sine,ht_trendline,ht_trendmode,kama,macd,macdext,mama,mfi,midpoint,midprice,minus_di,minus_dm,mom,natr,obv,plus_di,plus_dm,ppo,roc,rocr,rsi,sar,sma,stoch,stochf,stochrsi,t3,tema,trange,trima,trix,ultsoc,willr,wma",2019-03-06,01/01/2000,01/01/2018,01/01/2019,AMZN_stacked_nlag5_nseq3_e2500_b4528_n2_ind52_train01-01-2000_trainendteststart01-01-2018_testend01-01-2019,0.5697211155378487,0.016016779407239674,36.751384513616486,0.4940239043824701,0.02296866887665646,50.63199249291397,0.42231075697211157,0.028861083887803448,61.776611632137865,,,,,,,,,,,,,,,,,,,,,,,,,,,,,,,,,,,,,,,,,,,,,,,,,,,,,,,,,,,,,,,,,,,,,,,,,,,,,,,,,
AMZN,bi,2500,2,4528,5,3,7.3647982756296795,52,"Share Price,ad,adosc,adx,adxr,apo,aroon,aroonosc,bbands,bop,cci,cmo,dema,dx,ema,ht_dcperiod,ht_dcphase,ht_phasor,ht_sine,ht_trendline,ht_trendmode,kama,macd,macdext,mama,mfi,midpoint,midprice,minus_di,minus_dm,mom,natr,obv,plus_di,plus_dm,ppo,roc,rocr,rsi,sar,sma,stoch,stochf,stochrsi,t3,tema,trange,trima,trix,ultsoc,willr,wma",2019-03-06,01/01/2000,01/01/2018,01/01/2019,AMZN_bi_nlag5_nseq3_e2500_b4528_n2_ind52_train01-01-2000_trainendteststart01-01-2018_testend01-01-2019,0.5378486055776892,0.016196628573520333,37.137856543721135,0.49800796812749004,0.023314559801201114,51.38060517622064,0.4342629482071713,0.029300981451780034,62.150932265627524,,,,,,,,,,,,,,,,,,,,,,,,,,,,,,,,,,,,,,,,,,,,,,,,,,,,,,,,,,,,,,,,,,,,,,,,,,,,,,,,,
AMZN,cnn,2500,2,4528,5,3,5.901097508271535,52,"Share Price,ad,adosc,adx,adxr,apo,aroon,aroonosc,bbands,bop,cci,cmo,dema,dx,ema,ht_dcperiod,ht_dcphase,ht_phasor,ht_sine,ht_trendline,ht_trendmode,kama,macd,macdext,mama,mfi,midpoint,midprice,minus_di,minus_dm,mom,natr,obv,plus_di,plus_dm,ppo,roc,rocr,rsi,sar,sma,stoch,stochf,stochrsi,t3,tema,trange,trima,trix,ultsoc,willr,wma",2019-03-06,01/01/2000,01/01/2018,01/01/2019,AMZN_cnn_nlag5_nseq3_e2500_b4528_n2_ind52_train01-01-2000_trainendteststart01-01-2018_testend01-01-2019,0.5179282868525896,0.016130873303245457,36.78043832225242,0.4860557768924303,0.022944246617424998,50.912947454718974,0.42231075697211157,0.029218173701941588,62.049092607990254,,,,,,,,,,,,,,,,,,,,,,,,,,,,,,,,,,,,,,,,,,,,,,,,,,,,,,,,,,,,,,,,,,,,,,,,,,,,,,,,,
AMZN,conv,2500,2,4528,5,3,20.96566824913025,52,"Share Price,ad,adosc,adx,adxr,apo,aroon,aroonosc,bbands,bop,cci,cmo,dema,dx,ema,ht_dcperiod,ht_dcphase,ht_phasor,ht_sine,ht_trendline,ht_trendmode,kama,macd,macdext,mama,mfi,midpoint,midprice,minus_di,minus_dm,mom,natr,obv,plus_di,plus_dm,ppo,roc,rocr,rsi,sar,sma,stoch,stochf,stochrsi,t3,tema,trange,trima,trix,ultsoc,willr,wma",2019-03-06,01/01/2000,01/01/2018,01/01/2019,AMZN_conv_nlag5_nseq3_e2500_b4528_n2_ind52_train01-01-2000_trainendteststart01-01-2018_testend01-01-2019,0.4940239043824701,0.01798257126581582,40.36047176323733,0.5298804780876494,0.025187869382159486,57.27063388758513,0.4900398406374502,0.0325553279415014,70.24957506647348,,,,,,,,,,,,,,,,,,,,,,,,,,,,,,,,,,,,,,,,,,,,,,,,,,,,,,,,,,,,,,,,,,,,,,,,,,,,,,,,,
AMZN,vanilla,2500,3,4528,3,1,3.9198309977849326,52,"Share Price,ad,adosc,adx,adxr,apo,aroon,aroonosc,bbands,bop,cci,cmo,dema,dx,ema,ht_dcperiod,ht_dcphase,ht_phasor,ht_sine,ht_trendline,ht_trendmode,kama,macd,macdext,mama,mfi,midpoint,midprice,minus_di,minus_dm,mom,natr,obv,plus_di,plus_dm,ppo,roc,rocr,rsi,sar,sma,stoch,stochf,stochrsi,t3,tema,trange,trima,trix,ultsoc,willr,wma",2019-03-06,01/01/2000,01/01/2018,01/01/2019,AMZN_vanilla_nlag3_nseq1_e2500_b4528_n3_ind52_train01-01-2000_trainendteststart01-01-2018_testend01-01-2019,0.5577689243027888,0.015923909342285037,36.76749767876679,,,,,,,,,,,,,,,,,,,,,,,,,,,,,,,,,,,,,,,,,,,,,,,,,,,,,,,,,,,,,,,,,,,,,,,,,,,,,,,,,,,,,,,
AMZN,stacked,2500,3,4528,3,1,5.549820375442505,52,"Share Price,ad,adosc,adx,adxr,apo,aroon,aroonosc,bbands,bop,cci,cmo,dema,dx,ema,ht_dcperiod,ht_dcphase,ht_phasor,ht_sine,ht_trendline,ht_trendmode,kama,macd,macdext,mama,mfi,midpoint,midprice,minus_di,minus_dm,mom,natr,obv,plus_di,plus_dm,ppo,roc,rocr,rsi,sar,sma,stoch,stochf,stochrsi,t3,tema,trange,trima,trix,ultsoc,willr,wma",2019-03-06,01/01/2000,01/01/2018,01/01/2019,AMZN_stacked_nlag3_nseq1_e2500_b4528_n3_ind52_train01-01-2000_trainendteststart01-01-2018_testend01-01-2019,0.5816733067729084,0.015884720709197338,36.73102210041236,,,,,,,,,,,,,,,,,,,,,,,,,,,,,,,,,,,,,,,,,,,,,,,,,,,,,,,,,,,,,,,,,,,,,,,,,,,,,,,,,,,,,,,
AMZN,bi,2500,3,4528,3,1,5.6632068991661075,52,"Share Price,ad,adosc,adx,adxr,apo,aroon,aroonosc,bbands,bop,cci,cmo,dema,dx,ema,ht_dcperiod,ht_dcphase,ht_phasor,ht_sine,ht_trendline,ht_trendmode,kama,macd,macdext,mama,mfi,midpoint,midprice,minus_di,minus_dm,mom,natr,obv,plus_di,plus_dm,ppo,roc,rocr,rsi,sar,sma,stoch,stochf,stochrsi,t3,tema,trange,trima,trix,ultsoc,willr,wma",2019-03-06,01/01/2000,01/01/2018,01/01/2019,AMZN_bi_nlag3_nseq1_e2500_b4528_n3_ind52_train01-01-2000_trainendteststart01-01-2018_testend01-01-2019,0.42231075697211157,0.017207536567881113,37.886757614806214,,,,,,,,,,,,,,,,,,,,,,,,,,,,,,,,,,,,,,,,,,,,,,,,,,,,,,,,,,,,,,,,,,,,,,,,,,,,,,,,,,,,,,,
AMZN,cnn,2500,3,4528,3,1,4.557646866639455,52,"Share Price,ad,adosc,adx,adxr,apo,aroon,aroonosc,bbands,bop,cci,cmo,dema,dx,ema,ht_dcperiod,ht_dcphase,ht_phasor,ht_sine,ht_trendline,ht_trendmode,kama,macd,macdext,mama,mfi,midpoint,midprice,minus_di,minus_dm,mom,natr,obv,plus_di,plus_dm,ppo,roc,rocr,rsi,sar,sma,stoch,stochf,stochrsi,t3,tema,trange,trima,trix,ultsoc,willr,wma",2019-03-06,01/01/2000,01/01/2018,01/01/2019,AMZN_cnn_nlag3_nseq1_e2500_b4528_n3_ind52_train01-01-2000_trainendteststart01-01-2018_testend01-01-2019,0.5816733067729084,0.016076108393713342,36.82765105055553,,,,,,,,,,,,,,,,,,,,,,,,,,,,,,,,,,,,,,,,,,,,,,,,,,,,,,,,,,,,,,,,,,,,,,,,,,,,,,,,,,,,,,,
AMZN,conv,2500,3,4528,3,1,18.140771452585856,52,"Share Price,ad,adosc,adx,adxr,apo,aroon,aroonosc,bbands,bop,cci,cmo,dema,dx,ema,ht_dcperiod,ht_dcphase,ht_phasor,ht_sine,ht_trendline,ht_trendmode,kama,macd,macdext,mama,mfi,midpoint,midprice,minus_di,minus_dm,mom,natr,obv,plus_di,plus_dm,ppo,roc,rocr,rsi,sar,sma,stoch,stochf,stochrsi,t3,tema,trange,trima,trix,ultsoc,willr,wma",2019-03-06,01/01/2000,01/01/2018,01/01/2019,AMZN_conv_nlag3_nseq1_e2500_b4528_n3_ind52_train01-01-2000_trainendteststart01-01-2018_testend01-01-2019,0.549800796812749,0.01907186427158693,42.81500798544758,,,,,,,,,,,,,,,,,,,,,,,,,,,,,,,,,,,,,,,,,,,,,,,,,,,,,,,,,,,,,,,,,,,,,,,,,,,,,,,,,,,,,,,
AMZN,vanilla,2500,3,4528,3,3,4.203302995363871,52,"Share Price,ad,adosc,adx,adxr,apo,aroon,aroonosc,bbands,bop,cci,cmo,dema,dx,ema,ht_dcperiod,ht_dcphase,ht_phasor,ht_sine,ht_trendline,ht_trendmode,kama,macd,macdext,mama,mfi,midpoint,midprice,minus_di,minus_dm,mom,natr,obv,plus_di,plus_dm,ppo,roc,rocr,rsi,sar,sma,stoch,stochf,stochrsi,t3,tema,trange,trima,trix,ultsoc,willr,wma",2019-03-06,01/01/2000,01/01/2018,01/01/2019,AMZN_vanilla_nlag3_nseq3_e2500_b4528_n3_ind52_train01-01-2000_trainendteststart01-01-2018_testend01-01-2019,0.5657370517928287,0.015976192788809313,36.63885764461421,0.5378486055776892,0.022848233003864647,52.11830700457766,0.5139442231075697,0.028927370331659864,64.49240097105547,,,,,,,,,,,,,,,,,,,,,,,,,,,,,,,,,,,,,,,,,,,,,,,,,,,,,,,,,,,,,,,,,,,,,,,,,,,,,,,,,
AMZN,stacked,2500,3,4528,3,3,6.071113085746765,52,"Share Price,ad,adosc,adx,adxr,apo,aroon,aroonosc,bbands,bop,cci,cmo,dema,dx,ema,ht_dcperiod,ht_dcphase,ht_phasor,ht_sine,ht_trendline,ht_trendmode,kama,macd,macdext,mama,mfi,midpoint,midprice,minus_di,minus_dm,mom,natr,obv,plus_di,plus_dm,ppo,roc,rocr,rsi,sar,sma,stoch,stochf,stochrsi,t3,tema,trange,trima,trix,ultsoc,willr,wma",2019-03-06,01/01/2000,01/01/2018,01/01/2019,AMZN_stacked_nlag3_nseq3_e2500_b4528_n3_ind52_train01-01-2000_trainendteststart01-01-2018_testend01-01-2019,0.5697211155378487,0.01604714756975796,37.230231675924635,0.5657370517928287,0.022661230738429586,51.982514684584366,0.5258964143426295,0.0291522719483508,64.77543893796796,,,,,,,,,,,,,,,,,,,,,,,,,,,,,,,,,,,,,,,,,,,,,,,,,,,,,,,,,,,,,,,,,,,,,,,,,,,,,,,,,
AMZN,bi,2500,3,4528,3,3,5.540890403588613,52,"Share Price,ad,adosc,adx,adxr,apo,aroon,aroonosc,bbands,bop,cci,cmo,dema,dx,ema,ht_dcperiod,ht_dcphase,ht_phasor,ht_sine,ht_trendline,ht_trendmode,kama,macd,macdext,mama,mfi,midpoint,midprice,minus_di,minus_dm,mom,natr,obv,plus_di,plus_dm,ppo,roc,rocr,rsi,sar,sma,stoch,stochf,stochrsi,t3,tema,trange,trima,trix,ultsoc,willr,wma",2019-03-06,01/01/2000,01/01/2018,01/01/2019,AMZN_bi_nlag3_nseq3_e2500_b4528_n3_ind52_train01-01-2000_trainendteststart01-01-2018_testend01-01-2019,0.4103585657370518,0.0174373208255747,38.63791457559483,0.46613545816733065,0.02473509840462192,51.80119257407662,0.4103585657370518,0.032229518953478205,65.02246315233887,,,,,,,,,,,,,,,,,,,,,,,,,,,,,,,,,,,,,,,,,,,,,,,,,,,,,,,,,,,,,,,,,,,,,,,,,,,,,,,,,
AMZN,cnn,2500,3,4528,3,3,4.458011507987976,52,"Share Price,ad,adosc,adx,adxr,apo,aroon,aroonosc,bbands,bop,cci,cmo,dema,dx,ema,ht_dcperiod,ht_dcphase,ht_phasor,ht_sine,ht_trendline,ht_trendmode,kama,macd,macdext,mama,mfi,midpoint,midprice,minus_di,minus_dm,mom,natr,obv,plus_di,plus_dm,ppo,roc,rocr,rsi,sar,sma,stoch,stochf,stochrsi,t3,tema,trange,trima,trix,ultsoc,willr,wma",2019-03-06,01/01/2000,01/01/2018,01/01/2019,AMZN_cnn_nlag3_nseq3_e2500_b4528_n3_ind52_train01-01-2000_trainendteststart01-01-2018_testend01-01-2019,0.5896414342629482,0.01594745089539546,36.58422046807385,0.4900398406374502,0.02254925810070083,50.17274672358007,0.42231075697211157,0.02864896821281073,61.38601577046847,,,,,,,,,,,,,,,,,,,,,,,,,,,,,,,,,,,,,,,,,,,,,,,,,,,,,,,,,,,,,,,,,,,,,,,,,,,,,,,,,
AMZN,conv,2500,3,4528,3,3,18.719881363709767,52,"Share Price,ad,adosc,adx,adxr,apo,aroon,aroonosc,bbands,bop,cci,cmo,dema,dx,ema,ht_dcperiod,ht_dcphase,ht_phasor,ht_sine,ht_trendline,ht_trendmode,kama,macd,macdext,mama,mfi,midpoint,midprice,minus_di,minus_dm,mom,natr,obv,plus_di,plus_dm,ppo,roc,rocr,rsi,sar,sma,stoch,stochf,stochrsi,t3,tema,trange,trima,trix,ultsoc,willr,wma",2019-03-06,01/01/2000,01/01/2018,01/01/2019,AMZN_conv_nlag3_nseq3_e2500_b4528_n3_ind52_train01-01-2000_trainendteststart01-01-2018_testend01-01-2019,0.5219123505976095,0.016396655965550854,37.30740447800319,0.4940239043824701,0.0229340063719878,51.388644610226414,0.4302788844621514,0.02888421497757943,62.199603276380905,,,,,,,,,,,,,,,,,,,,,,,,,,,,,,,,,,,,,,,,,,,,,,,,,,,,,,,,,,,,,,,,,,,,,,,,,,,,,,,,,
AMZN,vanilla,2500,3,4528,5,1,5.9166441877683,52,"Share Price,ad,adosc,adx,adxr,apo,aroon,aroonosc,bbands,bop,cci,cmo,dema,dx,ema,ht_dcperiod,ht_dcphase,ht_phasor,ht_sine,ht_trendline,ht_trendmode,kama,macd,macdext,mama,mfi,midpoint,midprice,minus_di,minus_dm,mom,natr,obv,plus_di,plus_dm,ppo,roc,rocr,rsi,sar,sma,stoch,stochf,stochrsi,t3,tema,trange,trima,trix,ultsoc,willr,wma",2019-03-07,01/01/2000,01/01/2018,01/01/2019,AMZN_vanilla_nlag5_nseq1_e2500_b4528_n3_ind52_train01-01-2000_trainendteststart01-01-2018_testend01-01-2019,0.5856573705179283,0.01630661215145662,37.58521292913425,,,,,,,,,,,,,,,,,,,,,,,,,,,,,,,,,,,,,,,,,,,,,,,,,,,,,,,,,,,,,,,,,,,,,,,,,,,,,,,,,,,,,,,
AMZN,stacked,2500,3,4528,5,1,8.466955649852753,52,"Share Price,ad,adosc,adx,adxr,apo,aroon,aroonosc,bbands,bop,cci,cmo,dema,dx,ema,ht_dcperiod,ht_dcphase,ht_phasor,ht_sine,ht_trendline,ht_trendmode,kama,macd,macdext,mama,mfi,midpoint,midprice,minus_di,minus_dm,mom,natr,obv,plus_di,plus_dm,ppo,roc,rocr,rsi,sar,sma,stoch,stochf,stochrsi,t3,tema,trange,trima,trix,ultsoc,willr,wma",2019-03-07,01/01/2000,01/01/2018,01/01/2019,AMZN_stacked_nlag5_nseq1_e2500_b4528_n3_ind52_train01-01-2000_trainendteststart01-01-2018_testend01-01-2019,0.5737051792828686,0.016010480525773637,37.0450688968065,,,,,,,,,,,,,,,,,,,,,,,,,,,,,,,,,,,,,,,,,,,,,,,,,,,,,,,,,,,,,,,,,,,,,,,,,,,,,,,,,,,,,,,
AMZN,bi,2500,3,4528,5,1,8.496320072809855,52,"Share Price,ad,adosc,adx,adxr,apo,aroon,aroonosc,bbands,bop,cci,cmo,dema,dx,ema,ht_dcperiod,ht_dcphase,ht_phasor,ht_sine,ht_trendline,ht_trendmode,kama,macd,macdext,mama,mfi,midpoint,midprice,minus_di,minus_dm,mom,natr,obv,plus_di,plus_dm,ppo,roc,rocr,rsi,sar,sma,stoch,stochf,stochrsi,t3,tema,trange,trima,trix,ultsoc,willr,wma",2019-03-07,01/01/2000,01/01/2018,01/01/2019,AMZN_bi_nlag5_nseq1_e2500_b4528_n3_ind52_train01-01-2000_trainendteststart01-01-2018_testend01-01-2019,0.43824701195219123,0.01666414260238021,37.750125284388275,,,,,,,,,,,,,,,,,,,,,,,,,,,,,,,,,,,,,,,,,,,,,,,,,,,,,,,,,,,,,,,,,,,,,,,,,,,,,,,,,,,,,,,
AMZN,cnn,2500,3,4528,5,1,6.631580372651418,52,"Share Price,ad,adosc,adx,adxr,apo,aroon,aroonosc,bbands,bop,cci,cmo,dema,dx,ema,ht_dcperiod,ht_dcphase,ht_phasor,ht_sine,ht_trendline,ht_trendmode,kama,macd,macdext,mama,mfi,midpoint,midprice,minus_di,minus_dm,mom,natr,obv,plus_di,plus_dm,ppo,roc,rocr,rsi,sar,sma,stoch,stochf,stochrsi,t3,tema,trange,trima,trix,ultsoc,willr,wma",2019-03-07,01/01/2000,01/01/2018,01/01/2019,AMZN_cnn_nlag5_nseq1_e2500_b4528_n3_ind52_train01-01-2000_trainendteststart01-01-2018_testend01-01-2019,0.43824701195219123,0.02296311024853694,47.6086772788945,,,,,,,,,,,,,,,,,,,,,,,,,,,,,,,,,,,,,,,,,,,,,,,,,,,,,,,,,,,,,,,,,,,,,,,,,,,,,,,,,,,,,,,
AMZN,conv,2500,3,4528,5,1,20.300899096330006,52,"Share Price,ad,adosc,adx,adxr,apo,aroon,aroonosc,bbands,bop,cci,cmo,dema,dx,ema,ht_dcperiod,ht_dcphase,ht_phasor,ht_sine,ht_trendline,ht_trendmode,kama,macd,macdext,mama,mfi,midpoint,midprice,minus_di,minus_dm,mom,natr,obv,plus_di,plus_dm,ppo,roc,rocr,rsi,sar,sma,stoch,stochf,stochrsi,t3,tema,trange,trima,trix,ultsoc,willr,wma",2019-03-07,01/01/2000,01/01/2018,01/01/2019,AMZN_conv_nlag5_nseq1_e2500_b4528_n3_ind52_train01-01-2000_trainendteststart01-01-2018_testend01-01-2019,0.5219123505976095,0.01746017916354925,38.81731857389114,,,,,,,,,,,,,,,,,,,,,,,,,,,,,,,,,,,,,,,,,,,,,,,,,,,,,,,,,,,,,,,,,,,,,,,,,,,,,,,,,,,,,,,
AMZN,vanilla,2500,3,4528,5,3,6.390842799345652,52,"Share Price,ad,adosc,adx,adxr,apo,aroon,aroonosc,bbands,bop,cci,cmo,dema,dx,ema,ht_dcperiod,ht_dcphase,ht_phasor,ht_sine,ht_trendline,ht_trendmode,kama,macd,macdext,mama,mfi,midpoint,midprice,minus_di,minus_dm,mom,natr,obv,plus_di,plus_dm,ppo,roc,rocr,rsi,sar,sma,stoch,stochf,stochrsi,t3,tema,trange,trima,trix,ultsoc,willr,wma",2019-03-07,01/01/2000,01/01/2018,01/01/2019,AMZN_vanilla_nlag5_nseq3_e2500_b4528_n3_ind52_train01-01-2000_trainendteststart01-01-2018_testend01-01-2019,0.5697211155378487,0.01608819762670764,36.88868400156801,0.50199203187251,0.022975481558632112,51.073717122002506,0.4262948207171315,0.029658583985145405,63.893687232350864,,,,,,,,,,,,,,,,,,,,,,,,,,,,,,,,,,,,,,,,,,,,,,,,,,,,,,,,,,,,,,,,,,,,,,,,,,,,,,,,,
AMZN,stacked,2500,3,4528,5,3,8.773864034811655,52,"Share Price,ad,adosc,adx,adxr,apo,aroon,aroonosc,bbands,bop,cci,cmo,dema,dx,ema,ht_dcperiod,ht_dcphase,ht_phasor,ht_sine,ht_trendline,ht_trendmode,kama,macd,macdext,mama,mfi,midpoint,midprice,minus_di,minus_dm,mom,natr,obv,plus_di,plus_dm,ppo,roc,rocr,rsi,sar,sma,stoch,stochf,stochrsi,t3,tema,trange,trima,trix,ultsoc,willr,wma",2019-03-07,01/01/2000,01/01/2018,01/01/2019,AMZN_stacked_nlag5_nseq3_e2500_b4528_n3_ind52_train01-01-2000_trainendteststart01-01-2018_testend01-01-2019,0.44621513944223107,0.016376171905413957,36.917037595771006,0.47808764940239046,0.02346459479155028,51.28120074039958,0.4063745019920319,0.029673158111827167,62.17512075497759,,,,,,,,,,,,,,,,,,,,,,,,,,,,,,,,,,,,,,,,,,,,,,,,,,,,,,,,,,,,,,,,,,,,,,,,,,,,,,,,,
AMZN,bi,2500,3,4528,5,3,8.689067208766938,52,"Share Price,ad,adosc,adx,adxr,apo,aroon,aroonosc,bbands,bop,cci,cmo,dema,dx,ema,ht_dcperiod,ht_dcphase,ht_phasor,ht_sine,ht_trendline,ht_trendmode,kama,macd,macdext,mama,mfi,midpoint,midprice,minus_di,minus_dm,mom,natr,obv,plus_di,plus_dm,ppo,roc,rocr,rsi,sar,sma,stoch,stochf,stochrsi,t3,tema,trange,trima,trix,ultsoc,willr,wma",2019-03-07,01/01/2000,01/01/2018,01/01/2019,AMZN_bi_nlag5_nseq3_e2500_b4528_n3_ind52_train01-01-2000_trainendteststart01-01-2018_testend01-01-2019,0.4940239043824701,0.01670344863766374,38.05919686892855,0.46613545816733065,0.024166083226599324,52.328863665100826,0.4342629482071713,0.03179163142368184,66.34678692569824,,,,,,,,,,,,,,,,,,,,,,,,,,,,,,,,,,,,,,,,,,,,,,,,,,,,,,,,,,,,,,,,,,,,,,,,,,,,,,,,,
AMZN,cnn,2500,3,4528,5,3,6.621416791280111,52,"Share Price,ad,adosc,adx,adxr,apo,aroon,aroonosc,bbands,bop,cci,cmo,dema,dx,ema,ht_dcperiod,ht_dcphase,ht_phasor,ht_sine,ht_trendline,ht_trendmode,kama,macd,macdext,mama,mfi,midpoint,midprice,minus_di,minus_dm,mom,natr,obv,plus_di,plus_dm,ppo,roc,rocr,rsi,sar,sma,stoch,stochf,stochrsi,t3,tema,trange,trima,trix,ultsoc,willr,wma",2019-03-07,01/01/2000,01/01/2018,01/01/2019,AMZN_cnn_nlag5_nseq3_e2500_b4528_n3_ind52_train01-01-2000_trainendteststart01-01-2018_testend01-01-2019,0.5577689243027888,0.016049904126565383,36.651236044031876,0.4860557768924303,0.022437499402799713,50.09252581126914,0.44223107569721115,0.02864473604806431,61.088663056779126,,,,,,,,,,,,,,,,,,,,,,,,,,,,,,,,,,,,,,,,,,,,,,,,,,,,,,,,,,,,,,,,,,,,,,,,,,,,,,,,,
AMZN,conv,2500,3,4528,5,3,21.316664123535155,52,"Share Price,ad,adosc,adx,adxr,apo,aroon,aroonosc,bbands,bop,cci,cmo,dema,dx,ema,ht_dcperiod,ht_dcphase,ht_phasor,ht_sine,ht_trendline,ht_trendmode,kama,macd,macdext,mama,mfi,midpoint,midprice,minus_di,minus_dm,mom,natr,obv,plus_di,plus_dm,ppo,roc,rocr,rsi,sar,sma,stoch,stochf,stochrsi,t3,tema,trange,trima,trix,ultsoc,willr,wma",2019-03-07,01/01/2000,01/01/2018,01/01/2019,AMZN_conv_nlag5_nseq3_e2500_b4528_n3_ind52_train01-01-2000_trainendteststart01-01-2018_testend01-01-2019,0.4342629482071713,0.017043975383779202,37.70725517162111,0.4701195219123506,0.02349682462712439,51.15303427660261,0.4262948207171315,0.029395266390526857,61.781615907888074,,,,,,,,,,,,,,,,,,,,,,,,,,,,,,,,,,,,,,,,,,,,,,,,,,,,,,,,,,,,,,,,,,,,,,,,,,,,,,,,,
AMZN,vanilla,2500,5,4528,3,1,5.132297162214915,52,"Share Price,ad,adosc,adx,adxr,apo,aroon,aroonosc,bbands,bop,cci,cmo,dema,dx,ema,ht_dcperiod,ht_dcphase,ht_phasor,ht_sine,ht_trendline,ht_trendmode,kama,macd,macdext,mama,mfi,midpoint,midprice,minus_di,minus_dm,mom,natr,obv,plus_di,plus_dm,ppo,roc,rocr,rsi,sar,sma,stoch,stochf,stochrsi,t3,tema,trange,trima,trix,ultsoc,willr,wma",2019-03-07,01/01/2000,01/01/2018,01/01/2019,AMZN_vanilla_nlag3_nseq1_e2500_b4528_n5_ind52_train01-01-2000_trainendteststart01-01-2018_testend01-01-2019,0.5776892430278885,0.016139399369202823,37.51957819203798,,,,,,,,,,,,,,,,,,,,,,,,,,,,,,,,,,,,,,,,,,,,,,,,,,,,,,,,,,,,,,,,,,,,,,,,,,,,,,,,,,,,,,,
AMZN,stacked,2500,5,4528,3,1,7.312282077471415,52,"Share Price,ad,adosc,adx,adxr,apo,aroon,aroonosc,bbands,bop,cci,cmo,dema,dx,ema,ht_dcperiod,ht_dcphase,ht_phasor,ht_sine,ht_trendline,ht_trendmode,kama,macd,macdext,mama,mfi,midpoint,midprice,minus_di,minus_dm,mom,natr,obv,plus_di,plus_dm,ppo,roc,rocr,rsi,sar,sma,stoch,stochf,stochrsi,t3,tema,trange,trima,trix,ultsoc,willr,wma",2019-03-07,01/01/2000,01/01/2018,01/01/2019,AMZN_stacked_nlag3_nseq1_e2500_b4528_n5_ind52_train01-01-2000_trainendteststart01-01-2018_testend01-01-2019,0.5776892430278885,0.016118722780804184,37.59542206043073,,,,,,,,,,,,,,,,,,,,,,,,,,,,,,,,,,,,,,,,,,,,,,,,,,,,,,,,,,,,,,,,,,,,,,,,,,,,,,,,,,,,,,,
AMZN,bi,2500,5,4528,3,1,7.14817887544632,52,"Share Price,ad,adosc,adx,adxr,apo,aroon,aroonosc,bbands,bop,cci,cmo,dema,dx,ema,ht_dcperiod,ht_dcphase,ht_phasor,ht_sine,ht_trendline,ht_trendmode,kama,macd,macdext,mama,mfi,midpoint,midprice,minus_di,minus_dm,mom,natr,obv,plus_di,plus_dm,ppo,roc,rocr,rsi,sar,sma,stoch,stochf,stochrsi,t3,tema,trange,trima,trix,ultsoc,willr,wma",2019-03-07,01/01/2000,01/01/2018,01/01/2019,AMZN_bi_nlag3_nseq1_e2500_b4528_n5_ind52_train01-01-2000_trainendteststart01-01-2018_testend01-01-2019,0.41832669322709165,0.018952361366879947,39.48207722513518,,,,,,,,,,,,,,,,,,,,,,,,,,,,,,,,,,,,,,,,,,,,,,,,,,,,,,,,,,,,,,,,,,,,,,,,,,,,,,,,,,,,,,,
AMZN,cnn,2500,5,4528,3,1,6.320593309402466,52,"Share Price,ad,adosc,adx,adxr,apo,aroon,aroonosc,bbands,bop,cci,cmo,dema,dx,ema,ht_dcperiod,ht_dcphase,ht_phasor,ht_sine,ht_trendline,ht_trendmode,kama,macd,macdext,mama,mfi,midpoint,midprice,minus_di,minus_dm,mom,natr,obv,plus_di,plus_dm,ppo,roc,rocr,rsi,sar,sma,stoch,stochf,stochrsi,t3,tema,trange,trima,trix,ultsoc,willr,wma",2019-03-07,01/01/2000,01/01/2018,01/01/2019,AMZN_cnn_nlag3_nseq1_e2500_b4528_n5_ind52_train01-01-2000_trainendteststart01-01-2018_testend01-01-2019,0.5737051792828686,0.015828391239545363,36.21882716271845,,,,,,,,,,,,,,,,,,,,,,,,,,,,,,,,,,,,,,,,,,,,,,,,,,,,,,,,,,,,,,,,,,,,,,,,,,,,,,,,,,,,,,,
AMZN,conv,2500,5,4528,3,1,18.686149406433106,52,"Share Price,ad,adosc,adx,adxr,apo,aroon,aroonosc,bbands,bop,cci,cmo,dema,dx,ema,ht_dcperiod,ht_dcphase,ht_phasor,ht_sine,ht_trendline,ht_trendmode,kama,macd,macdext,mama,mfi,midpoint,midprice,minus_di,minus_dm,mom,natr,obv,plus_di,plus_dm,ppo,roc,rocr,rsi,sar,sma,stoch,stochf,stochrsi,t3,tema,trange,trima,trix,ultsoc,willr,wma",2019-03-07,01/01/2000,01/01/2018,01/01/2019,AMZN_conv_nlag3_nseq1_e2500_b4528_n5_ind52_train01-01-2000_trainendteststart01-01-2018_testend01-01-2019,0.5139442231075697,0.017764404345481228,39.901390681775915,,,,,,,,,,,,,,,,,,,,,,,,,,,,,,,,,,,,,,,,,,,,,,,,,,,,,,,,,,,,,,,,,,,,,,,,,,,,,,,,,,,,,,,
AMZN,vanilla,2500,5,4528,3,3,5.384157697359721,52,"Share Price,ad,adosc,adx,adxr,apo,aroon,aroonosc,bbands,bop,cci,cmo,dema,dx,ema,ht_dcperiod,ht_dcphase,ht_phasor,ht_sine,ht_trendline,ht_trendmode,kama,macd,macdext,mama,mfi,midpoint,midprice,minus_di,minus_dm,mom,natr,obv,plus_di,plus_dm,ppo,roc,rocr,rsi,sar,sma,stoch,stochf,stochrsi,t3,tema,trange,trima,trix,ultsoc,willr,wma",2019-03-07,01/01/2000,01/01/2018,01/01/2019,AMZN_vanilla_nlag3_nseq3_e2500_b4528_n5_ind52_train01-01-2000_trainendteststart01-01-2018_testend01-01-2019,0.5697211155378487,0.016089230933528292,37.32415872793124,0.5737051792828686,0.023321539176791896,53.603033913275915,0.5179282868525896,0.030058252293215737,66.60799025829596,,,,,,,,,,,,,,,,,,,,,,,,,,,,,,,,,,,,,,,,,,,,,,,,,,,,,,,,,,,,,,,,,,,,,,,,,,,,,,,,,
AMZN,stacked,2500,5,4528,3,3,7.579808358351389,52,"Share Price,ad,adosc,adx,adxr,apo,aroon,aroonosc,bbands,bop,cci,cmo,dema,dx,ema,ht_dcperiod,ht_dcphase,ht_phasor,ht_sine,ht_trendline,ht_trendmode,kama,macd,macdext,mama,mfi,midpoint,midprice,minus_di,minus_dm,mom,natr,obv,plus_di,plus_dm,ppo,roc,rocr,rsi,sar,sma,stoch,stochf,stochrsi,t3,tema,trange,trima,trix,ultsoc,willr,wma",2019-03-07,01/01/2000,01/01/2018,01/01/2019,AMZN_stacked_nlag3_nseq3_e2500_b4528_n5_ind52_train01-01-2000_trainendteststart01-01-2018_testend01-01-2019,0.5697211155378487,0.015989961414188732,36.83815765663998,0.545816733067729,0.022440560430114644,51.033912915084976,0.5219123505976095,0.02851604950382443,63.23753566206929,,,,,,,,,,,,,,,,,,,,,,,,,,,,,,,,,,,,,,,,,,,,,,,,,,,,,,,,,,,,,,,,,,,,,,,,,,,,,,,,,
AMZN,bi,2500,5,4528,3,3,7.403356830279033,52,"Share Price,ad,adosc,adx,adxr,apo,aroon,aroonosc,bbands,bop,cci,cmo,dema,dx,ema,ht_dcperiod,ht_dcphase,ht_phasor,ht_sine,ht_trendline,ht_trendmode,kama,macd,macdext,mama,mfi,midpoint,midprice,minus_di,minus_dm,mom,natr,obv,plus_di,plus_dm,ppo,roc,rocr,rsi,sar,sma,stoch,stochf,stochrsi,t3,tema,trange,trima,trix,ultsoc,willr,wma",2019-03-07,01/01/2000,01/01/2018,01/01/2019,AMZN_bi_nlag3_nseq3_e2500_b4528_n5_ind52_train01-01-2000_trainendteststart01-01-2018_testend01-01-2019,0.41434262948207173,0.019242933112260434,41.41404807157156,0.41832669322709165,0.027806380670015857,58.5666242659238,0.4103585657370518,0.03814648813783975,77.45665357906877,,,,,,,,,,,,,,,,,,,,,,,,,,,,,,,,,,,,,,,,,,,,,,,,,,,,,,,,,,,,,,,,,,,,,,,,,,,,,,,,,
AMZN,cnn,2500,5,4528,3,3,6.350504088401794,52,"Share Price,ad,adosc,adx,adxr,apo,aroon,aroonosc,bbands,bop,cci,cmo,dema,dx,ema,ht_dcperiod,ht_dcphase,ht_phasor,ht_sine,ht_trendline,ht_trendmode,kama,macd,macdext,mama,mfi,midpoint,midprice,minus_di,minus_dm,mom,natr,obv,plus_di,plus_dm,ppo,roc,rocr,rsi,sar,sma,stoch,stochf,stochrsi,t3,tema,trange,trima,trix,ultsoc,willr,wma",2019-03-07,01/01/2000,01/01/2018,01/01/2019,AMZN_cnn_nlag3_nseq3_e2500_b4528_n5_ind52_train01-01-2000_trainendteststart01-01-2018_testend01-01-2019,0.5697211155378487,0.016008486956938874,36.6460613719694,0.4900398406374502,0.022697148927159277,50.41317384766576,0.4302788844621514,0.028814318776788778,61.60608747483478,,,,,,,,,,,,,,,,,,,,,,,,,,,,,,,,,,,,,,,,,,,,,,,,,,,,,,,,,,,,,,,,,,,,,,,,,,,,,,,,,
AMZN,conv,2500,5,4528,3,3,19.39076203107834,52,"Share Price,ad,adosc,adx,adxr,apo,aroon,aroonosc,bbands,bop,cci,cmo,dema,dx,ema,ht_dcperiod,ht_dcphase,ht_phasor,ht_sine,ht_trendline,ht_trendmode,kama,macd,macdext,mama,mfi,midpoint,midprice,minus_di,minus_dm,mom,natr,obv,plus_di,plus_dm,ppo,roc,rocr,rsi,sar,sma,stoch,stochf,stochrsi,t3,tema,trange,trima,trix,ultsoc,willr,wma",2019-03-07,01/01/2000,01/01/2018,01/01/2019,AMZN_conv_nlag3_nseq3_e2500_b4528_n5_ind52_train01-01-2000_trainendteststart01-01-2018_testend01-01-2019,0.5577689243027888,0.017614716707655933,40.630190620196124,0.5298804780876494,0.024662443245305008,55.62473775522824,0.4900398406374502,0.031167996587794213,68.48758127501586,,,,,,,,,,,,,,,,,,,,,,,,,,,,,,,,,,,,,,,,,,,,,,,,,,,,,,,,,,,,,,,,,,,,,,,,,,,,,,,,,
AMZN,vanilla,2500,5,4528,5,1,7.457240863641103,52,"Share Price,ad,adosc,adx,adxr,apo,aroon,aroonosc,bbands,bop,cci,cmo,dema,dx,ema,ht_dcperiod,ht_dcphase,ht_phasor,ht_sine,ht_trendline,ht_trendmode,kama,macd,macdext,mama,mfi,midpoint,midprice,minus_di,minus_dm,mom,natr,obv,plus_di,plus_dm,ppo,roc,rocr,rsi,sar,sma,stoch,stochf,stochrsi,t3,tema,trange,trima,trix,ultsoc,willr,wma",2019-03-07,01/01/2000,01/01/2018,01/01/2019,AMZN_vanilla_nlag5_nseq1_e2500_b4528_n5_ind52_train01-01-2000_trainendteststart01-01-2018_testend01-01-2019,0.5737051792828686,0.0159301732474536,36.50071499220064,,,,,,,,,,,,,,,,,,,,,,,,,,,,,,,,,,,,,,,,,,,,,,,,,,,,,,,,,,,,,,,,,,,,,,,,,,,,,,,,,,,,,,,
AMZN,stacked,2500,5,4528,5,1,10.780167901515961,52,"Share Price,ad,adosc,adx,adxr,apo,aroon,aroonosc,bbands,bop,cci,cmo,dema,dx,ema,ht_dcperiod,ht_dcphase,ht_phasor,ht_sine,ht_trendline,ht_trendmode,kama,macd,macdext,mama,mfi,midpoint,midprice,minus_di,minus_dm,mom,natr,obv,plus_di,plus_dm,ppo,roc,rocr,rsi,sar,sma,stoch,stochf,stochrsi,t3,tema,trange,trima,trix,ultsoc,willr,wma",2019-03-07,01/01/2000,01/01/2018,01/01/2019,AMZN_stacked_nlag5_nseq1_e2500_b4528_n5_ind52_train01-01-2000_trainendteststart01-01-2018_testend01-01-2019,0.5816733067729084,0.015990072610120826,36.64292724635221,,,,,,,,,,,,,,,,,,,,,,,,,,,,,,,,,,,,,,,,,,,,,,,,,,,,,,,,,,,,,,,,,,,,,,,,,,,,,,,,,,,,,,,
AMZN,bi,2500,5,4528,5,1,10.472810161113738,52,"Share Price,ad,adosc,adx,adxr,apo,aroon,aroonosc,bbands,bop,cci,cmo,dema,dx,ema,ht_dcperiod,ht_dcphase,ht_phasor,ht_sine,ht_trendline,ht_trendmode,kama,macd,macdext,mama,mfi,midpoint,midprice,minus_di,minus_dm,mom,natr,obv,plus_di,plus_dm,ppo,roc,rocr,rsi,sar,sma,stoch,stochf,stochrsi,t3,tema,trange,trima,trix,ultsoc,willr,wma",2019-03-07,01/01/2000,01/01/2018,01/01/2019,AMZN_bi_nlag5_nseq1_e2500_b4528_n5_ind52_train01-01-2000_trainendteststart01-01-2018_testend01-01-2019,0.4103585657370518,0.018781309490514667,39.270304848045406,,,,,,,,,,,,,,,,,,,,,,,,,,,,,,,,,,,,,,,,,,,,,,,,,,,,,,,,,,,,,,,,,,,,,,,,,,,,,,,,,,,,,,,
AMZN,cnn,2500,5,4528,5,1,8.906678593158722,52,"Share Price,ad,adosc,adx,adxr,apo,aroon,aroonosc,bbands,bop,cci,cmo,dema,dx,ema,ht_dcperiod,ht_dcphase,ht_phasor,ht_sine,ht_trendline,ht_trendmode,kama,macd,macdext,mama,mfi,midpoint,midprice,minus_di,minus_dm,mom,natr,obv,plus_di,plus_dm,ppo,roc,rocr,rsi,sar,sma,stoch,stochf,stochrsi,t3,tema,trange,trima,trix,ultsoc,willr,wma",2019-03-07,01/01/2000,01/01/2018,01/01/2019,AMZN_cnn_nlag5_nseq1_e2500_b4528_n5_ind52_train01-01-2000_trainendteststart01-01-2018_testend01-01-2019,0.4940239043824701,0.02162242409167882,47.81087815196731,,,,,,,,,,,,,,,,,,,,,,,,,,,,,,,,,,,,,,,,,,,,,,,,,,,,,,,,,,,,,,,,,,,,,,,,,,,,,,,,,,,,,,,
AMZN,conv,2500,5,4528,5,1,21.043009809652965,52,"Share Price,ad,adosc,adx,adxr,apo,aroon,aroonosc,bbands,bop,cci,cmo,dema,dx,ema,ht_dcperiod,ht_dcphase,ht_phasor,ht_sine,ht_trendline,ht_trendmode,kama,macd,macdext,mama,mfi,midpoint,midprice,minus_di,minus_dm,mom,natr,obv,plus_di,plus_dm,ppo,roc,rocr,rsi,sar,sma,stoch,stochf,stochrsi,t3,tema,trange,trima,trix,ultsoc,willr,wma",2019-03-07,01/01/2000,01/01/2018,01/01/2019,AMZN_conv_nlag5_nseq1_e2500_b4528_n5_ind52_train01-01-2000_trainendteststart01-01-2018_testend01-01-2019,0.5059760956175299,0.016891012132301646,38.05352408706214,,,,,,,,,,,,,,,,,,,,,,,,,,,,,,,,,,,,,,,,,,,,,,,,,,,,,,,,,,,,,,,,,,,,,,,,,,,,,,,,,,,,,,,
AMZN,vanilla,2500,5,4528,5,3,7.770614957809448,52,"Share Price,ad,adosc,adx,adxr,apo,aroon,aroonosc,bbands,bop,cci,cmo,dema,dx,ema,ht_dcperiod,ht_dcphase,ht_phasor,ht_sine,ht_trendline,ht_trendmode,kama,macd,macdext,mama,mfi,midpoint,midprice,minus_di,minus_dm,mom,natr,obv,plus_di,plus_dm,ppo,roc,rocr,rsi,sar,sma,stoch,stochf,stochrsi,t3,tema,trange,trima,trix,ultsoc,willr,wma",2019-03-07,01/01/2000,01/01/2018,01/01/2019,AMZN_vanilla_nlag5_nseq3_e2500_b4528_n5_ind52_train01-01-2000_trainendteststart01-01-2018_testend01-01-2019,0.47808764940239046,0.01631033086772628,37.762686328515464,0.4900398406374502,0.023110857961985427,51.28720449798902,0.43824701195219123,0.02898564892610626,62.0659411421889,,,,,,,,,,,,,,,,,,,,,,,,,,,,,,,,,,,,,,,,,,,,,,,,,,,,,,,,,,,,,,,,,,,,,,,,,,,,,,,,,
AMZN,stacked,2500,5,4528,5,3,11.15772742430369,52,"Share Price,ad,adosc,adx,adxr,apo,aroon,aroonosc,bbands,bop,cci,cmo,dema,dx,ema,ht_dcperiod,ht_dcphase,ht_phasor,ht_sine,ht_trendline,ht_trendmode,kama,macd,macdext,mama,mfi,midpoint,midprice,minus_di,minus_dm,mom,natr,obv,plus_di,plus_dm,ppo,roc,rocr,rsi,sar,sma,stoch,stochf,stochrsi,t3,tema,trange,trima,trix,ultsoc,willr,wma",2019-03-07,01/01/2000,01/01/2018,01/01/2019,AMZN_stacked_nlag5_nseq3_e2500_b4528_n5_ind52_train01-01-2000_trainendteststart01-01-2018_testend01-01-2019,0.5537848605577689,0.01601912482615257,36.87960306921036,0.5258964143426295,0.022638260643794744,51.07197288805699,0.4820717131474104,0.028747464290049093,62.9843498196604,,,,,,,,,,,,,,,,,,,,,,,,,,,,,,,,,,,,,,,,,,,,,,,,,,,,,,,,,,,,,,,,,,,,,,,,,,,,,,,,,
AMZN,bi,2500,5,4528,5,3,10.785483094056447,52,"Share Price,ad,adosc,adx,adxr,apo,aroon,aroonosc,bbands,bop,cci,cmo,dema,dx,ema,ht_dcperiod,ht_dcphase,ht_phasor,ht_sine,ht_trendline,ht_trendmode,kama,macd,macdext,mama,mfi,midpoint,midprice,minus_di,minus_dm,mom,natr,obv,plus_di,plus_dm,ppo,roc,rocr,rsi,sar,sma,stoch,stochf,stochrsi,t3,tema,trange,trima,trix,ultsoc,willr,wma",2019-03-07,01/01/2000,01/01/2018,01/01/2019,AMZN_bi_nlag5_nseq3_e2500_b4528_n5_ind52_train01-01-2000_trainendteststart01-01-2018_testend01-01-2019,0.5179282868525896,0.016584980013825606,37.958205076406195,0.4701195219123506,0.024223605391631046,53.38774572740329,0.4063745019920319,0.03092238480434607,65.5343841835104,,,,,,,,,,,,,,,,,,,,,,,,,,,,,,,,,,,,,,,,,,,,,,,,,,,,,,,,,,,,,,,,,,,,,,,,,,,,,,,,,
AMZN,cnn,2500,5,4528,5,3,9.15964146455129,52,"Share Price,ad,adosc,adx,adxr,apo,aroon,aroonosc,bbands,bop,cci,cmo,dema,dx,ema,ht_dcperiod,ht_dcphase,ht_phasor,ht_sine,ht_trendline,ht_trendmode,kama,macd,macdext,mama,mfi,midpoint,midprice,minus_di,minus_dm,mom,natr,obv,plus_di,plus_dm,ppo,roc,rocr,rsi,sar,sma,stoch,stochf,stochrsi,t3,tema,trange,trima,trix,ultsoc,willr,wma",2019-03-07,01/01/2000,01/01/2018,01/01/2019,AMZN_cnn_nlag5_nseq3_e2500_b4528_n5_ind52_train01-01-2000_trainendteststart01-01-2018_testend01-01-2019,0.5737051792828686,0.016019721943774365,36.73293753755187,0.50199203187251,0.022715631738861118,50.60035712378515,0.44621513944223107,0.02867391835269788,61.271533321828564,,,,,,,,,,,,,,,,,,,,,,,,,,,,,,,,,,,,,,,,,,,,,,,,,,,,,,,,,,,,,,,,,,,,,,,,,,,,,,,,,
